,code,province,city,district
0,1,北京,城区,北京
1,2,北京,朝阳,朝阳
2,3,北京,顺义,顺义
3,4,北京,怀柔,怀柔
4,5,北京,通州,通州
5,6,北京,昌平,昌平
6,7,北京,延庆,延庆
7,8,北京,丰台,丰台
8,9,北京,石景山,石景山
9,10,北京,大兴,大兴
10,11,北京,房山,房山
11,12,北京,密云,密云
12,13,北京,门头沟,门头沟
13,14,北京,平谷,平谷
14,22,北京,海淀,海淀
15,23,天津,城区,天津
16,24,天津,宝坻,宝坻
17,25,天津,东丽,东丽
18,26,天津,西青,西青
19,27,天津,北辰,北辰
20,28,天津,蓟州,蓟州
21,29,天津,和平,和平
22,30,天津,静海,静海
23,31,天津,津南,津南
24,32,天津,滨海新区,滨海新区
25,33,天津,河东,河东
26,34,天津,武清,武清
27,35,天津,宁河,宁河
28,36,上海,城区,上海
29,37,上海,宝山,宝山
30,38,上海,嘉定,嘉定
31,39,上海,浦东新区,浦东新区
32,40,上海,浦东新区,浦东新区
33,41,上海,青浦,青浦
34,42,上海,松江,松江
35,43,上海,奉贤,奉贤
36,44,上海,崇明,崇明
37,45,上海,徐汇,徐汇
38,46,上海,闵行,闵行
39,47,上海,金山,金山
40,48,河北,石家庄,石家庄
41,49,河北,张家口,张家口
42,50,河北,承德,承德
43,51,河北,唐山,唐山
44,52,河北,秦皇岛,秦皇岛
45,53,河北,沧州,沧州
46,54,河北,衡水,衡水
47,55,河北,邢台,邢台
48,56,河北,邯郸,邯郸
49,57,河北,保定,保定
50,58,河北,廊坊,廊坊
51,59,河南,郑州,郑州
52,60,河南,新乡,新乡
53,61,河南,许昌,许昌
54,62,河南,平顶山,平顶山
55,63,河南,信阳,信阳
56,64,河南,南阳,南阳
57,65,河南,开封,开封
58,66,河南,洛阳,洛阳
59,67,河南,商丘,商丘
60,68,河南,焦作,焦作
61,69,河南,鹤壁,鹤壁
62,70,河南,濮阳,濮阳
63,71,河南,周口,周口
64,72,河南,漯河,漯河
65,73,河南,驻马店,驻马店
66,74,河南,三门峡,三门峡
67,75,河南,济源,济源
68,76,河南,安阳,安阳
69,77,安徽,合肥,合肥
70,78,安徽,芜湖,芜湖
71,79,安徽,淮南,淮南
72,80,安徽,马鞍山,马鞍山
73,81,安徽,安庆,安庆
74,82,安徽,宿州,宿州
75,83,安徽,阜阳,阜阳
76,84,安徽,亳州,亳州
77,85,安徽,黄山,黄山
78,86,安徽,滁州,滁州
79,87,安徽,淮北,淮北
80,88,安徽,铜陵,铜陵
81,89,安徽,宣城,宣城
82,90,安徽,六安,六安
83,91,安徽,合肥,巢湖
84,92,安徽,池州,池州
85,93,安徽,蚌埠,蚌埠
86,94,浙江,杭州,杭州
87,95,浙江,舟山,舟山
88,96,浙江,湖州,湖州
89,97,浙江,嘉兴,嘉兴
90,98,浙江,金华,金华
91,99,浙江,绍兴,越城
92,100,浙江,台州,台州
93,101,浙江,温州,温州
94,102,浙江,丽水,丽水
95,103,浙江,衢州,衢州
96,104,浙江,宁波,宁波
97,105,重庆,城区,重庆
98,106,重庆,合川,合川
99,107,重庆,南川,南川
100,108,重庆,江津,江津
101,109,重庆,万州,万州
102,110,重庆,渝北,渝北
103,111,重庆,北碚,北碚
104,112,重庆,巴南,巴南
105,113,重庆,长寿,长寿
106,114,重庆,黔江,黔江
107,116,重庆,万州,万州
108,117,重庆,涪陵,涪陵
109,118,重庆,开州,开州
110,119,重庆,城口,城口
111,120,重庆,云阳,云阳
112,121,重庆,巫溪,巫溪
113,122,重庆,奉节,奉节
114,123,重庆,巫山,巫山
115,124,重庆,潼南,潼南
116,125,重庆,垫江,垫江
117,126,重庆,梁平,梁平
118,127,重庆,忠县,忠县
119,128,重庆,石柱,石柱
120,129,重庆,大足,大足
121,130,重庆,荣昌,荣昌
122,131,重庆,铜梁,铜梁
123,132,重庆,璧山,璧山
124,133,重庆,丰都,丰都
125,134,重庆,武隆,武隆
126,135,重庆,彭水,彭水
127,136,重庆,綦江,綦江
128,137,重庆,酉阳,酉阳
129,138,重庆,秀山,秀山
130,140,重庆,永川,永川
131,141,福建,福州,福州
132,142,福建,泉州,泉州
133,143,福建,漳州,漳州
134,144,福建,龙岩,龙岩
135,145,福建,泉州,晋江
136,146,福建,南平,南平
137,147,福建,厦门,厦门
138,148,福建,宁德,宁德
139,149,福建,莆田,莆田
140,150,福建,三明,三明
141,151,甘肃,兰州,兰州
142,152,甘肃,平凉,平凉
143,153,甘肃,庆阳,庆阳
144,154,甘肃,武威,武威
145,155,甘肃,金昌,金昌
146,156,甘肃,嘉峪关,嘉峪关
147,157,甘肃,酒泉,酒泉
148,158,甘肃,天水,天水
149,159,甘肃,陇南,武都
150,160,甘肃,临夏,临夏
151,161,甘肃,甘南,合作
152,162,甘肃,白银,白银
153,163,甘肃,定西,定西
154,164,甘肃,张掖,张掖
155,165,广东,广州,广州
156,166,广东,惠州,惠州
157,167,广东,梅州,梅州
158,168,广东,汕头,汕头
159,169,广东,深圳,深圳
160,170,广东,珠海,珠海
161,171,广东,佛山,佛山
162,172,广东,肇庆,肇庆
163,173,广东,湛江,湛江
164,174,广东,江门,江门
165,175,广东,河源,河源
166,176,广东,清远,清远
167,177,广东,云浮,云浮
168,178,广东,潮州,潮州
169,179,广东,东莞,东莞
170,180,广东,中山,中山
171,181,广东,阳江,阳江
172,182,广东,揭阳,揭阳
173,183,广东,茂名,茂名
174,184,广东,汕尾,汕尾
175,185,广东,韶关,韶关
176,186,广西,南宁,南宁
177,187,广西,柳州,柳州
178,188,广西,来宾,来宾
179,189,广西,桂林,桂林
180,190,广西,梧州,梧州
181,191,广西,防城港,防城港
182,192,广西,贵港,贵港
183,193,广西,玉林,玉林
184,194,广西,百色,百色
185,195,广西,钦州,钦州
186,196,广西,河池,河池
187,197,广西,北海,北海
188,198,广西,崇左,崇左
189,199,广西,贺州,贺州
190,200,贵州,贵阳,贵阳
191,201,贵州,安顺,安顺
192,202,贵州,黔南,都匀
193,204,贵州,铜仁,铜仁
194,205,贵州,毕节,毕节
195,206,贵州,六盘水,水城
196,207,贵州,遵义,遵义
197,208,贵州,黔东南,凯里
198,209,云南,昆明,昆明
199,210,云南,红河,红河
200,211,云南,文山,文山
201,212,云南,玉溪,玉溪
202,213,云南,楚雄,楚雄
203,214,云南,普洱,普洱
204,215,云南,昭通,昭通
205,216,云南,临沧,临沧
206,217,云南,怒江,怒江
207,218,云南,迪庆,香格里拉
208,219,云南,丽江,丽江
209,220,云南,德宏,德宏
210,221,云南,西双版纳,景洪
211,222,云南,大理,大理
212,223,云南,曲靖,曲靖
213,224,云南,保山,保山
214,225,内蒙古,呼和浩特,呼和浩特
215,226,内蒙古,乌海,乌海
216,227,内蒙古,乌兰察布,集宁
217,228,内蒙古,通辽,通辽
218,229,内蒙古,阿拉善盟,阿左旗
219,230,内蒙古,鄂尔多斯,鄂尔多斯
220,231,内蒙古,巴彦淖尔,临河
221,232,内蒙古,锡林郭勒,锡林浩特
222,234,内蒙古,兴安盟,乌兰浩特
223,235,内蒙古,包头,包头
224,236,内蒙古,赤峰,赤峰
225,237,江西,南昌,南昌
226,238,江西,上饶,上饶
227,239,江西,抚州,抚州
228,240,江西,宜春,宜春
229,241,江西,鹰潭,鹰潭
230,242,江西,赣州,赣州
231,243,江西,景德镇,景德镇
232,244,江西,萍乡,萍乡
233,245,江西,新余,新余
234,246,江西,九江,九江
235,247,江西,吉安,吉安
236,248,湖北,武汉,武汉
237,249,湖北,黄冈,黄冈
238,250,湖北,荆州,荆州
239,251,湖北,宜昌,宜昌
240,252,湖北,恩施,恩施
241,253,湖北,十堰,十堰
242,254,湖北,神农架,神农架
243,255,湖北,随州,随州
244,256,湖北,荆门,荆门
245,257,湖北,天门,天门
246,258,湖北,仙桃,仙桃
247,259,湖北,潜江,潜江
248,260,湖北,襄阳,襄阳
249,261,湖北,鄂州,鄂州
250,262,湖北,孝感,孝感
251,263,湖北,黄石,黄石
252,264,湖北,咸宁,咸宁
253,265,四川,成都,成都
254,266,四川,自贡,自贡
255,267,四川,绵阳,绵阳
256,268,四川,南充,南充
257,269,四川,达州,达州
258,270,四川,遂宁,遂宁
259,271,四川,广安,广安
260,272,四川,巴中,巴中
261,273,四川,泸州,泸州
262,274,四川,宜宾,宜宾
263,275,四川,内江,内江
264,276,四川,资阳,资阳
265,277,四川,乐山,乐山
266,278,四川,眉山,眉山
267,279,四川,凉山,凉山
268,280,四川,雅安,雅安
269,281,四川,甘孜,甘孜
270,282,四川,阿坝,阿坝
271,283,四川,德阳,德阳
272,284,四川,广元,广元
273,285,四川,攀枝花,攀枝花
274,286,宁夏,银川,银川
275,287,宁夏,中卫,中卫
276,288,宁夏,固原,固原
277,289,宁夏,石嘴山,石嘴山
278,290,宁夏,吴忠,吴忠
279,291,青海,西宁,西宁
280,292,青海,黄南,同仁
281,293,青海,海北,海晏
282,294,青海,果洛,玛沁
283,295,青海,玉树,玉树
284,296,青海,海西,德令哈
285,297,青海,海东,平安
286,298,青海,海南,共和
287,299,山东,济南,济南
288,300,山东,潍坊,潍坊
289,301,山东,临沂,临沂
290,302,山东,菏泽,菏泽
291,303,山东,滨州,滨州
292,304,山东,东营,东营
293,305,山东,威海,威海
294,306,山东,枣庄,枣庄
295,307,山东,日照,日照
296,308,山东,莱芜,莱芜
297,309,山东,聊城,聊城
298,310,山东,青岛,青岛
299,311,山东,淄博,淄博
300,312,山东,德州,德州
301,313,山东,烟台,烟台
302,314,山东,济宁,济宁
303,315,山东,泰安,泰安
304,316,陕西,西安,西安
305,317,陕西,延安,延安
306,318,陕西,榆林,榆林
307,319,陕西,铜川,铜川
308,320,陕西,商洛,商洛
309,321,陕西,安康,安康
310,322,陕西,汉中,汉中
311,323,陕西,宝鸡,宝鸡
312,324,陕西,咸阳,咸阳
313,325,陕西,渭南,渭南
314,326,山西,太原,太原
315,327,山西,临汾,临汾
316,328,山西,运城,运城
317,329,山西,朔州,朔州
318,330,山西,忻州,忻州
319,331,山西,长治,长治
320,332,山西,大同,大同
321,333,山西,阳泉,阳泉
322,334,山西,晋中,晋中
323,335,山西,晋城,晋城
324,336,山西,吕梁,吕梁
325,337,新疆,乌鲁木齐,乌鲁木齐
326,338,新疆,石河子,石河子
327,339,新疆,昌吉,昌吉
328,340,新疆,吐鲁番,吐鲁番
329,341,新疆,巴音郭楞,库尔勒
330,342,新疆,阿拉尔,阿拉尔
331,343,新疆,阿克苏,阿克苏
332,344,新疆,喀什,喀什
333,345,新疆,伊犁,伊宁
334,346,新疆,塔城,塔城
335,347,新疆,哈密,哈密
336,348,新疆,和田,和田
337,349,新疆,阿勒泰,阿勒泰
338,350,新疆,克州,阿图什
339,351,新疆,博尔塔拉,博乐
340,352,新疆,克拉玛依,克拉玛依
341,353,西藏,拉萨,拉萨
342,354,西藏,山南,山南
343,355,西藏,阿里,阿里
344,356,西藏,昌都,昌都
345,357,西藏,那曲,那曲
346,358,西藏,日喀则,日喀则
347,359,西藏,林芝,林芝
348,360,台湾,台北,台北
349,361,台湾,高雄,高雄
350,362,台湾,台中,台中
351,363,海南,海口,海口
352,364,海南,三亚,三亚
353,365,海南,东方,东方
354,366,海南,临高,临高
355,367,海南,澄迈,澄迈
356,368,海南,儋州,儋州
357,369,海南,昌江,昌江
358,370,海南,白沙,白沙
359,371,海南,琼中,琼中
360,372,海南,定安,定安
361,373,海南,屯昌,屯昌
362,374,海南,琼海,琼海
363,375,海南,文昌,文昌
364,376,海南,保亭,保亭
365,377,海南,万宁,万宁
366,378,海南,陵水,陵水
367,379,海南,西沙,西沙
368,380,海南,南沙,南沙
369,381,海南,乐东,乐东
370,382,海南,五指山,五指山
371,384,湖南,长沙,长沙
372,385,湖南,株洲,株洲
373,386,湖南,衡阳,衡阳
374,387,湖南,郴州,郴州
375,388,湖南,常德,常德
376,389,湖南,益阳,益阳
377,390,湖南,娄底,娄底
378,391,湖南,邵阳,邵阳
379,392,湖南,岳阳,岳阳
380,393,湖南,张家界,张家界
381,394,湖南,怀化,怀化
382,396,湖南,永州,永州
383,397,湖南,湘西,吉首
384,398,湖南,湘潭,湘潭
385,399,江苏,南京,南京
386,400,江苏,镇江,镇江
387,401,江苏,苏州,苏州
388,402,江苏,南通,南通
389,403,江苏,扬州,扬州
390,404,江苏,宿迁,宿迁
391,405,江苏,徐州,徐州
392,406,江苏,淮安,淮安
393,407,江苏,连云港,连云港
394,408,江苏,常州,常州
395,409,江苏,泰州,泰州
396,410,江苏,无锡,无锡
397,411,江苏,盐城,盐城
398,412,黑龙江,哈尔滨,哈尔滨
399,413,黑龙江,牡丹江,牡丹江
400,414,黑龙江,佳木斯,佳木斯
401,415,黑龙江,绥化,绥化
402,416,黑龙江,黑河,黑河
403,417,黑龙江,双鸭山,双鸭山
404,418,黑龙江,伊春,伊春
405,419,黑龙江,大庆,大庆
406,420,黑龙江,七台河,七台河
407,421,黑龙江,鸡西,鸡西
408,422,黑龙江,鹤岗,鹤岗
409,423,黑龙江,齐齐哈尔,齐齐哈尔
410,424,黑龙江,大兴安岭,大兴安岭
411,425,吉林,长春,长春
412,426,吉林,延边,延吉
413,427,吉林,四平,四平
414,428,吉林,白山,白山
415,429,吉林,白城,白城
416,430,吉林,辽源,辽源
417,431,吉林,松原,松原
418,432,吉林,城区,吉林
419,433,吉林,通化,通化
420,434,辽宁,沈阳,沈阳
421,435,辽宁,鞍山,鞍山
422,436,辽宁,抚顺,抚顺
423,437,辽宁,本溪,本溪
424,438,辽宁,丹东,丹东
425,439,辽宁,葫芦岛,葫芦岛
426,440,辽宁,营口,营口
427,441,辽宁,阜新,阜新
428,442,辽宁,辽阳,辽阳
429,443,辽宁,铁岭,铁岭
430,444,辽宁,朝阳,朝阳
431,445,辽宁,盘锦,盘锦
432,446,辽宁,大连,大连
433,447,辽宁,锦州,锦州
434,448,黑龙江,哈尔滨,阿城
435,449,黑龙江,绥化,安达
436,450,甘肃,定西,安定
437,452,内蒙古,兴安盟,阿尔山
438,453,江西,吉安,安福
439,454,河北,保定,安国
440,455,内蒙古,赤峰,敖汉
441,456,新疆,克州,阿合奇
442,457,湖南,益阳,安化
443,458,浙江,湖州,安吉
444,459,内蒙古,呼伦贝尔,阿荣旗
445,460,新疆,克州,阿克陶
446,461,贵州,黔西南,安龙
447,462,内蒙古,阿拉善盟,阿右旗
448,463,湖北,孝感,安陆
449,464,云南,昆明,安宁
450,465,河北,衡水,安平
451,466,山东,潍坊,安丘
452,467,湖南,郴州,安仁
453,468,陕西,延安,安塞
454,469,吉林,延边,安图
455,470,新疆,阿克苏,阿瓦提
456,471,河北,雄安新区,安新
457,472,福建,泉州,安溪
458,473,湖南,常德,安乡
459,474,四川,绵阳,安州
460,475,江西,南昌,安义
461,476,江西,赣州,安远
462,477,四川,资阳,安岳
463,478,山西,临汾,安泽
464,479,河南,焦作,博爱
465,480,黑龙江,黑河,北安
466,481,广西,玉林,博白
467,482,云南,大理,宾川
468,483,新疆,阿克苏,拜城
469,484,新疆,喀什,巴楚
470,485,山西,忻州,保德
471,486,湖北,恩施,巴东
472,487,新疆,阿勒泰,布尔津
473,488,河南,平顶山,宝丰
474,489,西藏,那曲,班戈
475,490,四川,凉山,普格
476,491,江苏,盐城,滨海
477,492,陕西,安康,白河
478,494,新疆,巴音郭楞,博湖
479,495,湖南,湘西,保靖
480,496,湖北,襄阳,保康
481,497,内蒙古,锡林郭勒,博克图
482,498,黑龙江,七台河,勃利
483,499,广西,玉林,北流
484,500,四川,凉山,木里
485,501,新疆,哈密,巴里坤
486,502,内蒙古,赤峰,巴林左旗
487,503,内蒙古,赤峰,巴林右旗
488,504,广东,惠州,博罗
489,505,广西,河池,巴马
490,506,青海,果洛,班玛
491,508,辽宁,朝阳,北票
492,509,黑龙江,双鸭山,宝清
493,510,黑龙江,齐齐哈尔,拜泉
494,511,陕西,渭南,白水
495,512,河北,沧州,泊头
496,513,四川,凉山,布拖
497,514,黑龙江,哈尔滨,宾县
498,515,山东,滨州,博兴
499,516,陕西,咸阳,彬县
500,517,四川,雅安,宝兴
501,518,辽宁,本溪,本溪县
502,519,黑龙江,哈尔滨,巴彦
503,520,河南,驻马店,泌阳
504,521,内蒙古,包头,白云鄂博
505,522,江苏,扬州,宝应
506,523,河北,廊坊,霸州
507,524,浙江,杭州,淳安
508,525,陕西,西安,长安
509,526,西藏,山南,错那
510,527,新疆,伊犁,察布查尔
511,528,湖北,咸宁,赤壁
512,529,内蒙古,呼伦贝尔,陈旗
513,530,湖南,邵阳,城步
514,531,河北,张家口,赤城
515,532,陕西,渭南,澄城
516,534,山东,烟台,长岛
517,535,湖北,武汉,蔡甸
518,536,安徽,合肥,长丰
519,537,河南,许昌,长葛
520,538,贵州,黔东南,岑巩
521,539,云南,昆明,呈贡
522,540,陕西,汉中,城固
523,541,辽宁,大连,长海
524,542,贵州,黔西南,册亨
525,543,内蒙古,乌兰察布,察右前旗
526,544,内蒙古,乌兰察布,察右中旗
527,545,内蒙古,乌兰察布,察右后旗
528,546,广东,广州,从化
529,547,陕西,咸阳,淳化
530,548,贵州,黔东南,从江
531,549,云南,玉溪,澄江
532,550,山东,潍坊,昌乐
533,551,福建,福州,长乐
534,552,新疆,和田,策勒
535,553,吉林,松原,长岭
536,554,河北,秦皇岛,昌黎
537,555,河北,张家口,崇礼
538,556,湖南,株洲,茶陵
539,557,湖南,张家界,慈利
540,558,吉林,白山,长白
541,559,浙江,温州,苍南
542,561,湖南,衡阳,常宁
543,562,四川,宜宾,长宁
544,563,云南,保山,昌宁
545,564,河南,驻马店,遂平
546,566,山东,济南,长清
547,567,江西,抚州,崇仁
548,568,山东,临沂,兰陵
549,569,江苏,苏州,常熟
550,570,浙江,衢州,常山
551,571,贵州,遵义,赤水
552,572,贵州,黔南,长顺
553,573,福建,漳州,长泰
554,574,福建,龙岩,长汀
555,576,辽宁,铁岭,昌图
556,577,山东,菏泽,成武
557,578,广西,梧州,苍梧
558,579,陕西,咸阳,长武
559,580,山东,菏泽,曹县
560,581,浙江,湖州,长兴
561,582,浙江,宁波,慈溪
562,583,湖南,怀化,辰溪
563,584,广西,梧州,岑溪
564,585,甘肃,平凉,崇信
565,586,甘肃,陇南,成县
566,587,四川,广元,苍溪
567,588,湖北,咸宁,崇阳
568,589,湖北,宜昌,长阳
569,590,广东,汕头,潮阳
570,591,山东,潍坊,昌邑
571,592,江西,赣州,崇义
572,593,河南,新乡,长垣
573,594,云南,临沧,沧源
574,595,四川,成都,崇州
575,596,山西,长治,长子
576,597,吉林,白城,大安
577,598,江西,九江,德安
578,599,湖南,永州,东安
579,600,广西,河池,都安
580,601,广东,茂名,电白
581,602,广西,百色,德保
582,603,陕西,榆林,定边
583,604,甘肃,甘南,迭部
584,605,青海,海西,大柴旦
585,606,江西,九江,都昌
586,607,河南,周口,郸城
587,608,云南,昆明,东川
588,609,河北,廊坊,大城
589,610,河北,廊坊,大厂
590,611,四川,凉山,德昌
591,612,黑龙江,大庆,杜尔伯特
592,613,贵州,毕节,大方
593,614,吉林,辽源,东丰
594,615,江苏,盐城,大丰
595,616,河南,郑州,登封
596,617,陕西,商洛,丹凤
597,618,辽宁,丹东,东港
598,619,河北,沧州,东光
599,620,云南,昭通,大关
600,621,江苏,连云港,东海
601,622,广东,汕头,澄海
602,623,吉林,长春,德惠
603,624,吉林,延边,敦化
604,625,福建,泉州,德化
605,626,甘肃,酒泉,敦煌
606,627,贵州,铜仁,德江
607,628,湖北,十堰,丹江口
608,629,四川,成都,都江堰
609,630,内蒙古,巴彦淖尔,磴口
610,631,湖南,邵阳,洞口
611,632,广西,河池,东兰
612,634,青海,海西,冷湖
613,635,陕西,渭南,大荔
614,636,四川,眉山,丹棱
615,637,内蒙古,鄂尔多斯,达拉特
616,638,内蒙古,锡林郭勒,多伦
617,639,广东,珠海,斗门
618,640,山东,菏泽,东明
619,641,江西,赣州,定南
620,642,黑龙江,牡丹江,东宁
621,643,山西,临汾,大宁
622,644,山东,泰安,东平
623,645,广东,梅州,大埔
624,646,浙江,湖州,德清
625,647,广东,肇庆,德庆
626,648,西藏,昌都,丁青
627,649,云南,迪庆,德钦
628,650,青海,果洛,达日
629,651,西藏,日喀则,定日
630,652,内蒙古,鄂尔多斯,东胜
631,653,安徽,宿州,砀山
632,655,浙江,舟山,岱山
633,656,福建,漳州,东山
634,657,贵州,黔南,独山
635,658,辽宁,营口,大石桥
636,659,辽宁,辽阳,灯塔
637,660,山东,菏泽,定陶
638,661,江苏,盐城,东台
639,662,福建,三明,大田
640,663,浙江,温州,洞头
641,664,青海,西宁,大通
642,665,安徽,马鞍山,当涂
643,666,辽宁,盘锦,大洼
644,668,内蒙古,锡林郭勒,东乌旗
645,669,湖北,孝感,大悟
646,670,山西,忻州,定襄
647,671,山西,忻州,代县
648,672,江西,上饶,德兴
649,673,江西,抚州,东乡
650,674,湖南,永州,道县
651,675,广西,崇左,大新
652,678,江苏,镇江,丹阳
653,679,浙江,金华,东阳
654,680,湖北,宜昌,当阳
655,681,云南,楚雄,大姚
656,682,湖北,黄石,大冶
657,683,四川,成都,大邑
658,684,安徽,滁州,定远
659,685,江西,赣州,大余
660,686,河北,保定,定州
661,687,安徽,池州,东至
662,688,河南,南阳,邓州
663,689,四川,达州,大竹
664,690,贵州,遵义,道真
665,691,贵州,黔东南,丹寨
666,692,四川,乐山,峨边
667,693,内蒙古,阿拉善盟,额济纳
668,694,内蒙古,锡林郭勒,二连浩特
669,695,新疆,塔城,额敏
670,696,四川,乐山,峨眉山
671,697,广东,江门,恩平
672,698,云南,玉溪,峨山
673,699,内蒙古,鄂尔多斯,鄂托克
674,700,内蒙古,鄂尔多斯,鄂前旗
675,701,云南,大理,洱源
676,702,福建,宁德,福安
677,703,辽宁,丹东,凤城
678,704,山东,泰安,肥城
679,705,安徽,芜湖,繁昌
680,706,江西,宜春,丰城
681,707,河南,南阳,方城
682,708,广西,贺州,富川
683,709,福建,宁德,福鼎
684,710,安徽,合肥,肥东
685,711,陕西,宝鸡,扶风
686,712,广东,清远,佛冈
687,713,贵州,遵义,凤冈
688,714,河南,周口,扶沟
689,715,云南,怒江,福贡
690,716,陕西,榆林,府谷
691,717,新疆,阿勒泰,福海
692,718,浙江,宁波,奉化
693,719,湖南,湘西,凤凰
694,720,黑龙江,佳木斯,富锦
695,721,广东,肇庆,封开
696,722,新疆,昌吉,阜康
697,723,辽宁,沈阳,法库
698,724,云南,昆明,富民
699,725,河北,唐山,丰南
700,726,安徽,阜阳,阜南
701,727,江苏,盐城,阜宁
702,728,云南,文山,富宁
703,729,河北,承德,丰宁
704,730,河北,保定,阜平
705,731,陕西,渭南,富平
706,732,陕西,汉中,佛坪
707,733,福建,福州,福清
708,734,河南,新乡,封丘
709,735,云南,临沧,凤庆
710,736,贵州,黔南,福泉
711,737,河北,唐山,丰润
712,738,黑龙江,佳木斯,抚远
713,739,山西,临汾,浮山
714,740,山西,吕梁,方山
715,741,广东,梅州,丰顺
716,742,广西,河池,凤山
717,743,四川,自贡,富顺
718,744,广西,崇左,扶绥
719,745,安徽,淮南,凤台
720,746,河北,邯郸,肥乡
721,747,山西,临汾,汾西
722,748,山东,临沂,费县
723,749,江苏,徐州,丰县
724,750,安徽,合肥,肥西
725,751,江西,宜春,奉新
726,752,河南,濮阳,范县
727,753,湖北,十堰,房县
728,754,陕西,延安,富县
729,755,陕西,宝鸡,凤县
730,756,陕西,宝鸡,凤翔
731,757,山西,吕梁,汾阳
732,758,安徽,滁州,凤阳
733,759,浙江,杭州,富阳
734,760,江西,新余,分宜
735,761,黑龙江,齐齐哈尔,富裕
736,762,吉林,松原,扶余
737,763,广东,广州,番禺
738,764,云南,曲靖,富源
739,765,新疆,阿勒泰,富蕴
740,766,黑龙江,哈尔滨,方正
741,767,山西,忻州,繁峙
742,768,内蒙古,乌兰察布,丰镇
743,770,江西,宜春,高安
744,771,湖北,荆州,公安
745,772,河北,廊坊,固安
746,773,河北,保定,高碑店
747,774,河北,石家庄,藁城
748,775,江苏,南京,高淳
749,776,湖北,襄阳,谷城
750,777,广西,桂林,恭城
751,778,青海,海北,刚察
752,779,安徽,宣城,广德
753,780,江西,抚州,广昌
754,781,青海,海南,贵德
755,782,青海,果洛,甘德
756,783,贵州,黔南,贵定
757,784,湖南,郴州,桂东
758,785,江西,上饶,广丰
759,786,甘肃,天水,甘谷
760,787,四川,德阳,广汉
761,788,内蒙古,呼伦贝尔,根河
762,789,甘肃,临夏,广河
763,790,青海,海南,共和
764,791,云南,红河,个旧
765,792,四川,凉山,昭觉
766,793,甘肃,兰州,皋兰
767,794,甘肃,平凉,庄浪
768,795,甘肃,武威,古浪
769,796,山西,大同,广灵
770,797,四川,泸州,古蔺
771,798,贵州,安顺,关岭
772,799,陕西,西安,高陵
773,800,新疆,伊犁,巩留
774,801,四川,凉山,甘洛
775,802,云南,临沧,耿马
776,803,山东,潍坊,高密
777,804,江苏,连云港,灌南
778,805,云南,文山,广南
779,806,青海,海南,贵南
780,807,广东,肇庆,广宁
781,808,河北,邯郸,广平
782,809,山西,晋城,高平
783,810,广西,贵港,桂平
784,811,山东,淄博,高青
785,812,陕西,延安,甘泉
786,813,山东,东营,广饶
787,814,湖北,随州,广水
788,815,河南,信阳,固始
789,816,河南,信阳,光山
790,817,云南,怒江,贡山
791,818,河北,邯郸,馆陶
792,819,甘肃,张掖,高台
793,820,福建,宁德,古田
794,821,山西,临汾,古县
795,822,江西,鹰潭,贵溪
796,823,四川,宜宾,高县
797,824,四川,宜宾,珙县
798,825,陕西,咸阳,乾县
799,826,河北,保定,高阳
800,827,内蒙古,包头,固阳
801,828,安徽,亳州,涡阳
802,829,湖南,郴州,桂阳
803,830,广东,肇庆,高要
804,831,广西,桂林,灌阳
805,832,河北,石家庄,高邑
806,833,河南,郑州,巩义
807,834,江苏,扬州,高邮
808,835,河北,张家口,沽源
809,836,江苏,连云港,赣榆
810,837,江苏,连云港,灌云
811,838,福建,南平,光泽
812,839,西藏,阿里,改则
813,840,辽宁,营口,盖州
814,841,安徽,蚌埠,固镇
815,842,湖南,湘西,古丈
816,843,广东,茂名,高州
817,845,甘肃,酒泉,瓜州
818,846,吉林,四平,公主岭
819,847,河北,张家口,怀安
820,848,江苏,南通,海安
821,849,福建,漳州,华安
822,850,湖北,黄冈,红安
823,851,新疆,塔城,和布克赛尔
824,852,新疆,阿勒泰,哈巴河
825,853,河南,信阳,淮滨
826,854,黑龙江,佳木斯,桦川
827,855,吉林,延边,珲春
828,856,辽宁,鞍山,海城
829,857,江西,赣州,会昌
830,858,湖北,孝感,汉川
831,859,陕西,渭南,韩城
832,860,甘肃,庆阳,华池
833,861,新疆,伊犁,霍城
834,862,河南,信阳,潢川
835,863,内蒙古,乌兰察布,化德
836,864,吉林,桦甸,桦甸
837,865,湖南,衡阳,衡东
838,866,广东,惠州,惠东
839,867,四川,凉山,会东
840,868,广东,广州,花都
841,869,江西,上饶,横峰
842,870,湖北,恩施,鹤峰
843,871,广东,汕尾,海丰
844,872,山西,长治,壶关
845,873,湖南,湘西,花垣
846,874,河北,沧州,黄骅
847,875,湖北,荆州,洪湖
848,876,河北,沧州,河间
849,877,山西,运城,河津
850,878,河南,新乡,获嘉
851,880,广东,肇庆,怀集
852,881,广西,河池,环江
853,882,四川,泸州,合江
854,883,新疆,巴音郭楞,和静
855,884,内蒙古,巴彦淖尔,杭锦后旗
856,885,江西,九江,湖口
857,886,山东,东营,河口
858,887,黑龙江,哈尔滨,呼兰
859,888,河北,张家口,怀来
860,889,广东,揭阳,惠来
861,890,宁夏,银川,贺兰
862,891,内蒙古,呼伦贝尔,海拉尔
863,892,内蒙古,呼和浩特,和林
864,893,黑龙江,鸡西,虎林
865,894,黑龙江,牡丹江,海林
866,895,陕西,延安,黄陵
867,896,四川,凉山,会理
868,897,内蒙古,兴安盟,兴安盟
869,898,吉林,延边,和龙
870,899,陕西,延安,黄龙
871,900,青海,海东,化隆
872,901,黑龙江,绥化,海伦
873,902,黑龙江,大兴安岭,呼玛
874,903,江苏,南通,海门
875,904,湖北,黄冈,黄梅
876,905,黑龙江,佳木斯,桦南
877,906,吉林,通化,辉南
878,907,湖南,衡阳,衡南
879,908,青海,黄南,河南
880,909,安徽,安庆,怀宁
881,910,浙江,嘉兴,海宁
882,911,云南,玉溪,华宁
883,912,甘肃,白银,会宁
884,913,宁夏,石嘴山,惠农
885,914,广东,河源,和平
886,915,贵州,黔东南,黄平
887,916,云南,丽江,华坪
888,917,湖北,武汉,黄陂
889,918,广西,北海,合浦
890,919,安徽,六安,霍邱
891,920,云南,大理,鹤庆
892,921,山西,忻州,河曲
893,922,辽宁,本溪,桓仁
894,923,山西,朔州,怀仁
895,924,湖南,岳阳,华容
896,925,辽宁,锦州,黑山
897,926,山西,晋中,和顺
898,927,安徽,马鞍山,含山
899,928,安徽,六安,霍山
900,929,湖南,衡阳,衡山
901,930,湖南,常德,汉寿
902,931,广东,江门,鹤山
903,932,贵州,黔南,惠水
904,933,陕西,榆林,横山
905,934,甘肃,庆阳,合水
906,935,新疆,巴音郭楞,和硕
907,936,山东,淄博,桓台
908,937,新疆,昌吉,呼图壁
909,938,甘肃,平凉,华亭
910,939,山西,临汾,洪洞
911,940,湖南,怀化,会同
912,941,安徽,马鞍山,和县
913,942,河南,安阳,滑县
914,943,河南,新乡,辉县
915,944,广西,南宁,横县
916,945,陕西,西安,邑
917,946,陕西,渭南,华州
918,947,甘肃,庆阳,环县
919,948,甘肃,陇南,徽县
920,949,山东,烟台,海阳
921,950,浙江,嘉兴,海盐
922,951,浙江,台州,黄岩
923,952,河南,周口,淮阳
924,953,广东,惠州,惠阳
925,954,陕西,渭南,合阳
926,955,青海,海北,海北
927,956,四川,眉山,洪雅
928,958,陕西,渭南,华阴
929,959,陕西,安康,汉阴
930,960,山西,大同,浑源
931,961,安徽,蚌埠,怀远
932,962,青海,西宁,湟源
933,963,宁夏,中卫,海原
934,964,四川,雅安,汉源
935,965,江苏,淮安,洪泽
936,966,云南,曲靖,会泽
937,967,山西,临汾,霍州
938,968,广东,茂名,化州
939,969,贵州,毕节,赫章
940,970,甘肃,临夏,和政
941,971,黑龙江,大兴安岭,呼中
942,972,吉林,通化,集安
943,973,江西,宜春,靖安
944,974,四川,宜宾,江安
945,975,陕西,榆林,靖边
946,976,新疆,阿勒泰,吉木乃
947,977,辽宁,葫芦岛,建昌
948,978,山东,菏泽,鄄城
949,979,云南,大理,剑川
950,980,云南,玉溪,江川
951,981,云南,普洱,江城
952,982,甘肃,平凉,泾川
953,983,安徽,宣城,旌德
954,984,浙江,杭州,建德
955,985,黑龙江,鸡西,鸡东
956,986,云南,普洱,景东
957,987,江苏,扬州,江都
958,988,四川,广元,剑阁
959,989,黑龙江,大兴安岭,加格达奇
960,990,江西,吉安,井冈山
961,991,云南,普洱,景谷
962,992,山西,吕梁,交城
963,993,吉林,蛟河,蛟河
964,994,湖南,郴州,嘉禾
965,995,贵州,黔东南,剑河
966,996,新疆,博尔塔拉,精河
967,997,江苏,盐城,建湖
968,998,江苏,淮安,金湖
969,999,湖南,永州,江华
970,1000,河北,石家庄,井陉
971,1001,江苏,泰州,靖江
972,1002,浙江,台州,椒江
973,1003,四川,乐山,夹江
974,1004,山西,吕梁,交口
975,1005,贵州,铜仁,江口
976,1006,福建,三明,将乐
977,1007,湖北,荆州,监利
978,1008,湖北,荆州,江陵
979,1009,广东,梅州,蕉岭
980,1010,西藏,那曲,嘉黎
981,1011,新疆,昌吉,吉木萨尔
982,1012,山东,青岛,即墨
983,1013,山东,青岛,黄岛
984,1014,山东,临沂,莒南
985,1015,江苏,南京,江宁
986,1016,浙江,丽水,景宁
987,1017,福建,三明,建宁
988,1018,云南,昆明,晋宁
989,1019,甘肃,平凉,静宁
990,1020,福建,南平,建瓯
991,1021,贵州,黔东南,锦屏
992,1022,云南,红河,金平
993,1023,江苏,南京,江浦
994,1024,江苏,镇江,句容
995,1025,山西,运城,稷山
996,1026,安徽,阜阳,界首
997,1027,浙江,衢州,江山
998,1028,浙江,嘉兴,嘉善
999,1029,江西,吉安,吉水
1000,1030,湖北,恩施,建始
1001,1031,湖北,荆门,京山
1002,1032,贵州,毕节,金沙
1003,1033,云南,红河,建水
1004,1034,新疆,喀什,伽师
1005,1035,吉林,长春,九台
1006,1036,江苏,常州,金坛
1007,1037,四川,成都,金堂
1008,1038,甘肃,酒泉,金塔
1009,1039,甘肃,白银,景泰
1010,1040,四川,乐山,犍为
1011,1041,黑龙江,双鸭山,集贤
1012,1042,山西,晋中,介休
1013,1043,山西,临汾,吉县
1014,1044,山东,济宁,金乡
1015,1045,山东,济宁,嘉祥
1016,1046,山东,日照,莒县
1017,1047,安徽,宣城,绩溪
1018,1048,安徽,宣城,泾县
1019,1049,江西,南昌,进贤
1020,1050,江西,抚州,金溪
1021,1051,河南,平顶山,郏县
1022,1052,河南,鹤壁,浚县
1023,1053,湖北,武汉,江夏
1024,1054,广东,揭阳,揭西
1025,1055,广西,来宾,金秀
1026,1056,广西,百色,靖西
1027,1057,陕西,榆林,佳县
1028,1058,山东,济南,济阳
1029,1059,江苏,泰州,姜堰
1030,1060,福建,南平,建阳
1031,1061,四川,成都,简阳
1032,1062,陕西,咸阳,泾阳
1033,1063,四川,乐山,井研
1034,1064,四川,凉山,金阳
1035,1065,山东,菏泽,巨野
1036,1066,黑龙江,伊春,嘉荫
1037,1067,江苏,无锡,江阴
1038,1068,湖南,永州,江永
1039,1069,四川,绵阳,江油
1040,1070,吉林,白山,靖宇
1041,1071,浙江,丽水,缙云
1042,1072,湖北,咸宁,嘉鱼
1043,1073,甘肃,白银,靖远
1044,1074,宁夏,固原,泾源
1045,1075,河北,石家庄,晋州
1046,1076,山东,青岛,胶州
1047,1077,安徽,六安,金寨
1048,1078,湖南,怀化,靖州
1049,1079,青海,黄南,尖扎
1050,1080,青海,果洛,久治
1051,1081,河北,张家口,康保
1052,1082,新疆,阿克苏,库车
1053,1083,河北,承德,宽城
1054,1084,辽宁,丹东,宽甸
1055,1085,四川,甘孜,康定
1056,1086,黑龙江,齐齐哈尔,克东
1057,1087,内蒙古,通辽,科左中旗
1058,1088,内蒙古,通辽,科左后旗
1059,1089,浙江,衢州,开化
1060,1090,四川,达州,开江
1061,1091,山西,忻州,岢岚
1062,1092,甘肃,临夏,康乐
1063,1093,内蒙古,通辽,库伦
1064,1094,内蒙古,赤峰,喀喇沁
1065,1095,内蒙古,通辽,开鲁
1066,1096,辽宁,沈阳,康平
1067,1097,广东,江门,开平
1068,1098,新疆,阿克苏,柯坪
1069,1099,黑龙江,齐齐哈尔,克山
1070,1100,江苏,苏州,昆山
1071,1101,内蒙古,赤峰,克什克腾
1072,1102,甘肃,陇南,康县
1073,1103,辽宁,铁岭,开原
1074,1104,云南,红河,开远
1075,1105,安徽,滁州,来安
1076,1106,浙江,杭州,临安
1077,1107,广西,南宁,隆安
1078,1108,陕西,汉中,留坝
1079,1109,河南,三门峡,灵宝
1080,1110,黑龙江,鹤岗,萝北
1081,1111,贵州,黔南,荔波
1082,1112,四川,凉山,雷波
1083,1113,云南,普洱,澜沧
1084,1114,河北,石家庄,栾城
1085,1115,山西,长治,黎城
1086,1116,山西,长治,潞城
1087,1117,山西,晋城,陵川
1088,1118,内蒙古,乌兰察布,凉城
1089,1119,福建,龙岩,连城
1090,1120,江西,抚州,黎川
1091,1121,河南,洛阳,栾川
1092,1122,湖北,恩施,利川
1093,1123,广东,韶关,乐昌
1094,1124,广东,河源,龙川
1095,1125,广西,柳州,柳城
1096,1126,广西,桂林,灵川
1097,1127,广西,玉林,陆川
1098,1128,广西,河池,罗城
1099,1129,四川,内江,隆昌
1100,1130,云南,德宏,陇川
1101,1131,云南,红河,绿春
1102,1132,陕西,延安,洛川
1103,1133,甘肃,陇南,两当
1104,1134,宁夏,固原,隆德
1105,1135,黑龙江,大庆,林甸
1106,1136,广东,云浮,罗定
1107,1137,贵州,黔南,罗甸
1108,1138,云南,昭通,鲁甸
1109,1139,陕西,西安,蓝田
1110,1140,青海,海东,乐都
1111,1141,山西,太原,娄烦
1112,1142,湖北,恩施,来凤
1113,1143,广东,汕尾,陆丰
1114,1144,云南,楚雄,禄丰
1115,1145,陕西,安康,岚皋
1116,1146,广西,桂林,临桂
1117,1147,辽宁,锦州,凌海
1118,1148,浙江,台州,临海
1119,1149,福建,漳州,龙海
1120,1150,吉林,通化,柳河
1121,1151,江苏,南京,六合
1122,1152,云南,德宏,梁河
1123,1153,湖北,襄阳,老河口
1124,1154,河北,承德,隆化
1125,1155,江西,萍乡,莲花
1126,1156,湖南,邵阳,隆回
1127,1157,青海,海东,海东
1128,1158,黑龙江,齐齐哈尔,龙江
1129,1159,吉林,延边,龙井
1130,1160,吉林,白山,临江
1131,1161,山东,东营,利津
1132,1162,安徽,合肥,庐江
1133,1163,福建,福州,连江
1134,1164,广东,湛江,廉江
1135,1165,广西,柳州,柳江
1136,1166,河南,开封,兰考
1137,1167,黑龙江,牡丹江,林口
1138,1168,山东,烟台,龙口
1139,1169,云南,怒江,六库
1140,1170,西藏,山南,浪卡子
1141,1171,山西,吕梁,柳林
1142,1172,山东,德州,乐陵
1143,1173,湖南,株洲,醴陵
1144,1174,湖南,常德,临澧
1145,1175,广西,百色,隆林
1146,1176,贵州,黔南,龙里
1147,1177,云南,曲靖,陆良
1148,1178,云南,保山,龙陵
1149,1179,西藏,昌都,洛隆
1150,1180,广东,惠州,龙门
1151,1181,江西,赣州,龙南
1152,1182,广东,清远,连南
1153,1183,陕西,商洛,洛南
1154,1184,河北,唐山,滦南
1155,1185,河南,洛阳,洛宁
1156,1186,江西,景德镇,乐平
1157,1187,广东,河源,连平
1158,1188,贵州,黔东南,黎平
1159,1189,云南,曲靖,罗平
1160,1190,云南,怒江,兰坪
1161,1191,广西,桂林,荔浦
1162,1192,新疆,和田,洛浦
1163,1193,山东,聊城,临清
1164,1194,浙江,温州,乐清
1165,1195,山东,潍坊,临朐
1166,1196,安徽,阜阳,临泉
1167,1197,浙江,丽水,龙泉
1168,1198,陕西,咸阳,礼泉
1169,1199,甘肃,甘南,碌曲
1170,1200,河北,石家庄,灵寿
1171,1201,山西,晋中,灵石
1172,1202,山西,吕梁,离石
1173,1203,山东,济宁,梁山
1174,1204,山东,临沂,临沭
1175,1205,江苏,南京,溧水
1176,1206,江苏,淮安,涟水
1177,1207,江西,九江,庐山
1178,1208,河南,平顶山,鲁山
1179,1209,河南,信阳,罗山
1180,1210,湖南,湘西,龙山
1181,1211,湖南,永州,蓝山
1182,1212,广东,清远,连山
1183,1213,广西,桂林,龙胜
1184,1214,广西,钦州,灵山
1185,1215,四川,广安,邻水
1186,1216,贵州,黔东南,雷山
1187,1217,河南,三门峡,卢氏
1188,1218,四川,雅安,芦山
1189,1219,云南,怒江,泸水
1190,1220,湖南,娄底,冷水江
1191,1222,甘肃,定西,临洮
1192,1223,甘肃,平凉,灵台
1193,1224,甘肃,甘南,临潭
1194,1225,新疆,巴音郭楞,轮台
1195,1226,湖北,黄冈,罗田
1196,1227,河北,唐山,乐亭
1197,1228,陕西,西安,临潼
1198,1229,湖南,郴州,临武
1199,1230,宁夏,银川,灵武
1200,1231,黑龙江,绥化,兰西
1201,1232,河北,保定,蠡县
1202,1233,山西,吕梁,临县
1203,1234,山西,吕梁,岚县
1204,1235,内蒙古,赤峰,林西
1205,1236,山东,青岛,莱西
1206,1237,山东,德州,陵县
1207,1238,安徽,宣城,郎溪
1208,1239,安徽,亳州,利辛
1209,1240,浙江,金华,兰溪
1210,1242,湖南,岳阳,临湘
1211,1243,湖南,常德,澧县
1212,1244,湖南,湘西,泸溪
1213,1245,云南,德宏,芒市
1214,1246,云南,红河,泸西
1215,1247,陕西,宝鸡,陇县
1216,1248,甘肃,定西,陇西
1217,1249,甘肃,陇南,礼县
1218,1250,四川,阿坝,理县
1219,1251,云南,昆明,禄劝
1220,1252,山东,烟台,莱阳
1221,1253,江苏,常州,溧阳
1222,1254,湖南,衡阳,耒阳
1223,1255,湖南,长沙,浏阳
1224,1256,贵州,贵阳,开阳
1225,1257,陕西,汉中,略阳
1226,1258,广西,百色,乐业
1227,1259,山西,运城,临猗
1228,1260,河南,周口,鹿邑
1229,1261,河南,漯河,临颍
1230,1262,浙江,衢州,龙游
1231,1263,陕西,宝鸡,麟游
1232,1264,辽宁,朝阳,凌源
1233,1265,河北,保定,涞源
1234,1266,福建,福州,罗源
1235,1267,湖南,娄底,涟源
1236,1268,广西,百色,凌云
1237,1269,四川,凉山,盐源
1238,1270,甘肃,张掖,临泽
1239,1271,辽宁,沈阳,辽中
1240,1272,山东,烟台,莱州
1241,1273,广东,清远,连州
1242,1274,广西,崇左,龙州
1243,1275,广西,柳州,鹿寨
1244,1276,四川,资阳,乐至
1245,1277,贵州,六盘水,六枝
1246,1278,广东,湛江,雷州
1247,1279,西藏,日喀则,拉孜
1248,1280,西藏,山南,隆子
1249,1281,山东,淄博,临淄
1250,1282,四川,乐山,马边
1251,1283,河北,保定,满城
1252,1284,安徽,亳州,蒙城
1253,1285,湖北,黄冈,麻城
1254,1286,河南,三门峡,渑池
1255,1287,四川,乐山,沐川
1256,1288,云南,楚雄,牟定
1257,1289,云南,大理,弥渡
1258,1290,青海,果洛,玛多
1259,1291,四川,阿坝,马尔康
1260,1292,新疆,和田,民丰
1261,1293,新疆,喀什,麦盖提
1262,1294,安徽,滁州,明光
1263,1295,云南,文山,马关
1264,1296,四川,凉山,美姑
1265,1297,云南,西双版纳,勐海
1266,1298,青海,海东,民和
1267,1299,黑龙江,大兴安岭,漠河
1268,1300,吉林,通化,梅河口
1269,1301,贵州,黔东南,麻江
1270,1302,云南,普洱,墨江
1271,1303,西藏,昌都,芒康
1272,1304,黑龙江,哈尔滨,木兰
1273,1305,云南,西双版纳,勐腊
1274,1306,云南,红河,弥勒
1275,1307,甘肃,张掖,民乐
1276,1308,新疆,昌吉,木垒
1277,1309,黑龙江,牡丹江,穆棱
1278,1310,云南,普洱,孟连
1279,1311,浙江,嘉兴,平湖
1280,1312,云南,曲靖,马龙
1281,1315,云南,文山,麻栗坡
1282,1316,内蒙古,呼伦贝尔,莫力达瓦
1283,1317,湖南,岳阳,汨罗
1284,1318,四川,凉山,冕宁
1285,1319,新疆,昌吉,玛纳斯
1286,1320,山东,烟台,牟平
1287,1321,福建,福州,闽清
1288,1322,甘肃,武威,民勤
1289,1323,青海,果洛,玛沁
1290,1324,河南,商丘,民权
1291,1325,甘肃,甘南,玛曲
1292,1326,新疆,乌鲁木齐,米东
1293,1327,黑龙江,鸡西,密山
1294,1328,黑龙江,绥化,明水
1295,1329,广西,南宁,马山
1296,1330,广西,梧州,蒙山
1297,1331,四川,雅安,名山
1298,1332,贵州,遵义,湄潭
1299,1333,福建,三明,明溪
1300,1334,陕西,汉中,勉县
1301,1335,陕西,宝鸡,眉县
1302,1336,甘肃,定西,岷县
1303,1337,四川,阿坝,茂县
1304,1338,湖南,怀化,麻阳
1305,1339,青海,海西,茫崖
1306,1340,山东,临沂,蒙阴
1307,1341,四川,攀枝花,米易
1308,1342,青海,海北,门源
1309,1343,新疆,和田,墨玉
1310,1344,陕西,榆林,米脂
1311,1345,四川,德阳,绵竹
1312,1346,云南,红河,蒙自
1313,1347,内蒙古,呼伦贝尔,满洲里
1314,1348,黑龙江,牡丹江,宁安
1315,1349,吉林,长春,农安
1316,1350,福建,泉州,南安
1317,1351,广东,汕头,南澳
1318,1352,广西,百色,那坡
1319,1353,四川,南充,南部
1320,1354,内蒙古,赤峰,宁城
1321,1355,江西,抚州,南城
1322,1356,广西,河池,南丹
1323,1357,江西,赣州,宁都
1324,1358,江西,抚州,南丰
1325,1359,江西,吉安,井冈山
1326,1360,河北,邢台,南宫
1327,1361,安徽,宣城,宁国
1328,1362,浙江,宁波,宁海
1329,1363,广东,佛山,南海
1330,1364,黑龙江,齐齐哈尔,讷河
1331,1365,福建,三明,宁化
1332,1366,河南,安阳,内黄
1333,1367,云南,楚雄,南华
1334,1368,黑龙江,黑河,嫩江
1335,1369,山东,德州,宁津
1336,1370,福建,漳州,南靖
1337,1371,四川,巴中,南江
1338,1372,云南,大理,南涧
1339,1373,江西,赣州,南康
1340,1374,云南,丽江,宁蒗
1341,1375,河南,濮阳,南乐
1342,1376,安徽,芜湖,南陵
1343,1377,河南,商丘,宁陵
1344,1378,新疆,伊犁,尼勒克
1345,1379,西藏,日喀则,聂拉木
1346,1380,广西,崇左,宁明
1347,1381,西藏,日喀则,南木林
1348,1382,内蒙古,通辽,奈曼
1349,1383,西藏,拉萨,尼木
1350,1384,四川,凉山,宁南
1351,1386,陕西,汉中,宁强
1352,1387,陕西,安康,宁陕
1353,1388,山西,忻州,宁武
1354,1389,河南,南阳,内乡
1355,1390,湖南,长沙,宁乡
1356,1391,湖南,益阳,南县
1357,1392,广东,韶关,南雄
1358,1393,四川,泸州,纳溪
1359,1394,四川,宜宾,南溪
1360,1395,甘肃,庆阳,宁县
1361,1396,山东,泰安,宁阳
1362,1397,贵州,毕节,纳雍
1363,1398,湖南,永州,宁远
1364,1399,河南,南阳,南召
1365,1400,湖北,襄阳,南漳
1366,1401,陕西,汉中,南郑
1367,1402,浙江,金华,磐安
1368,1403,四川,南充,蓬安
1369,1404,贵州,黔西南,普安
1370,1405,青海,海东,平安
1371,1406,贵州,安顺,平坝
1372,1407,广西,钦州,浦北
1373,1408,云南,红河,屏边
1374,1409,福建,南平,浦城
1375,1410,四川,巴中,平昌
1376,1411,陕西,渭南,蒲城
1377,1412,山西,阳泉,平定
1378,1413,贵州,安顺,普定
1379,1414,山东,青岛,平度
1380,1415,山西,忻州,偏关
1381,1416,广西,百色,平果
1382,1417,福建,漳州,平和
1383,1418,浙江,金华,浦江
1384,1419,湖南,岳阳,平江
1385,1420,四川,成都,蒲江
1386,1421,山东,烟台,蓬莱
1387,1422,西藏,阿里,普兰
1388,1423,辽宁,大连,普兰店
1389,1424,广西,桂林,平乐
1390,1425,陕西,安康,平利
1391,1426,山西,运城,平陆
1392,1427,宁夏,石嘴山,平罗
1393,1428,福建,宁德,屏南
1394,1429,广西,贵港,平南
1395,1430,广东,揭阳,普宁
1396,1431,河北,承德,平泉
1397,1432,吉林,磐石,磐石
1398,1433,辽宁,盘锦,盘山
1399,1434,河北,石家庄,平山
1400,1435,山西,长治,平顺
1401,1436,四川,宜宾,屏山
1402,1437,新疆,和田,皮山
1403,1438,四川,眉山,彭山
1404,1440,福建,平潭,平潭
1405,1441,贵州,黔南,平塘
1406,1442,浙江,舟山,普陀
1407,1443,四川,绵阳,平武
1408,1444,山西,临汾,蒲县
1409,1445,江苏,徐州,沛县
1410,1446,广西,崇左,凭祥
1411,1447,四川,成都,郫都
1412,1448,四川,遂宁,蓬溪
1413,1449,贵州,六盘水,盘州
1414,1450,山西,晋中,平遥
1415,1451,浙江,温州,平阳
1416,1453,广西,南宁,宾阳
1417,1454,宁夏,固原,彭阳
1418,1455,山东,济南,平阴
1419,1456,山东,临沂,平邑
1420,1457,山东,德州,平原
1421,1458,广东,梅州,平远
1422,1459,河南,驻马店,平舆
1423,1460,江西,九江,彭泽
1424,1461,江苏,徐州,邳州
1425,1462,四川,成都,彭州
1426,1463,黑龙江,绥化,庆安
1427,1464,吉林,松原,乾安
1428,1465,甘肃,天水,秦安
1429,1466,河北,唐山,迁安
1430,1467,云南,文山,丘北
1431,1468,湖北,黄冈,蕲春
1432,1469,四川,广元,青川
1433,1470,江苏,南通,启东
1434,1471,湖南,衡阳,祁东
1435,1472,河南,濮阳,清丰
1436,1473,山东,济宁,曲阜
1437,1474,黑龙江,绥化,青冈
1438,1475,新疆,阿勒泰,青河
1439,1476,安徽,滁州,全椒
1440,1477,广东,韶关,曲江
1441,1478,云南,昭通,巧家
1442,1479,陕西,榆林,清涧
1443,1480,四川,成都,邛崃
1444,1481,青海,海北,祁连
1445,1482,福建,三明,清流
1446,1483,贵州,黔西南,晴隆
1447,1484,安徽,黄山,祁门
1448,1485,青海,玉树,曲麻莱
1449,1486,新疆,巴音郭楞,且末
1450,1487,江西,赣州,全南
1451,1488,山西,晋城,沁水
1452,1490,安徽,安庆,潜山
1453,1491,江西,上饶,铅山
1454,1492,陕西,宝鸡,岐山
1455,1493,甘肃,天水,清水
1456,1494,河南,驻马店,确山
1457,1495,四川,眉山,青神
1458,1496,新疆,昌吉,奇台
1459,1497,浙江,丽水,青田
1460,1498,宁夏,吴忠,青铜峡
1461,1499,山西,临汾,曲沃
1462,1500,河北,唐山,迁西
1463,1501,河北,沧州,青县
1464,1502,山西,晋中,祁县
1465,1503,山西,长治,沁县
1466,1504,山东,烟台,栖霞
1467,1506,河南,开封,杞县
1468,1507,河南,鹤壁,淇县
1469,1508,四川,达州,渠县
1470,1509,山西,太原,清徐
1471,1510,河北,保定,曲阳
1472,1511,安徽,池州,青阳
1473,1512,河南,焦作,沁阳
1474,1514,湖南,永州,祁阳
1475,1515,陕西,宝鸡,千阳
1476,1516,辽宁,抚顺,清原
1477,1517,河北,保定,清苑
1478,1518,山西,长治,沁源
1479,1519,山东,德州,庆云
1480,1520,浙江,丽水,庆元
1481,1521,河北,邯郸,曲周
1482,1522,山东,潍坊,青州
1483,1523,广西,桂林,全州
1484,1524,贵州,贵阳,清镇
1485,1525,浙江,温州,瑞安
1486,1526,广西,柳州,融安
1487,1527,河北,雄安新区,容城
1488,1528,江西,九江,瑞昌
1489,1529,湖南,郴州,汝城
1490,1530,江苏,南通,如东
1491,1531,江苏,南通,如皋
1492,1532,广东,韶关,仁化
1493,1533,贵州,遵义,仁怀
1494,1534,江西,赣州,瑞金
1495,1535,贵州,黔东南,榕江
1496,1536,云南,德宏,瑞丽
1497,1537,河南,驻马店,汝南
1498,1538,河北,承德,滦平
1499,1539,广东,潮州,饶平
1500,1540,河北,沧州,任丘
1501,1541,新疆,巴音郭楞,若羌
1502,1542,广西,柳州,融水
1503,1543,四川,眉山,仁寿
1504,1544,河北,唐山,滦县
1505,1545,山西,运城,芮城
1506,1546,广西,玉林,容县
1507,1547,四川,自贡,荣县
1508,1548,河南,洛阳,汝阳
1509,1549,广东,韶关,乳源
1510,1550,河南,平顶山,汝州
1511,1551,云南,楚雄,双柏
1512,1552,甘肃,酒泉,肃北
1513,1553,黑龙江,鹤岗,绥滨
1514,1554,贵州,黔东南,施秉
1515,1555,河南,驻马店,上蔡
1516,1556,黑龙江,哈尔滨,双城
1517,1557,山西,忻州,神池
1518,1558,安徽,六安,舒城
1519,1559,浙江,丽水,遂昌
1520,1560,福建,南平,顺昌
1521,1561,福建,三明,沙县
1522,1563,江西,吉安,遂川
1523,1564,江西,赣州,石城
1524,1565,新疆,喀什,莎车
1525,1566,河南,信阳,商城
1526,1567,甘肃,张掖,山丹
1527,1568,广东,佛山,顺德
1528,1569,陕西,榆林,绥德
1529,1570,云南,保山,施甸
1530,1571,湖南,邵阳,邵东
1531,1572,内蒙古,乌兰察布,商都
1532,1573,贵州,黔南,三都
1533,1574,四川,德阳,什邡
1534,1575,湖南,娄底,双峰
1535,1576,黑龙江,牡丹江,绥芬河
1536,1577,江西,宜春,上高
1537,1578,山东,潍坊,寿光
1538,1579,福建,龙岩,上杭
1539,1580,河北,廊坊,三河
1540,1581,河北,邢台,沙河
1541,1582,山东,济南,商河
1542,1583,江苏,宿迁,泗洪
1543,1584,四川,遂宁,射洪
1544,1585,广东,肇庆,四会
1545,1586,贵州,黔东南,三穗
1546,1587,广西,柳州,三江
1547,1588,云南,昭通,绥江
1548,1589,云南,临沧,双江
1549,1590,吉林,舒兰,舒兰
1550,1591,黑龙江,绥化,绥棱
1551,1592,吉林,四平,双辽
1552,1593,广西,南宁,上林
1553,1594,四川,成都,双流
1554,1595,云南,昆明,石林
1555,1596,山西,吕梁,石楼
1556,1597,浙江,台州,三门
1557,1598,湖南,常德,石门
1558,1599,云南,昆明,嵩明
1559,1600,四川,雅安,石棉
1560,1601,陕西,榆林,神木
1561,1602,贵州,铜仁,思南
1562,1603,陕西,商洛,商南
1563,1604,甘肃,张掖,肃南
1564,1605,江苏,徐州,睢宁
1565,1606,福建,宁德,寿宁
1566,1607,湖南,邵阳,绥宁
1567,1608,内蒙古,锡林郭勒,苏左旗
1568,1609,内蒙古,锡林郭勒,苏右旗
1569,1610,湖南,永州,双牌
1570,1611,四川,阿坝,松潘
1571,1613,河北,保定,顺平
1572,1614,云南,红河,石屏
1573,1615,河南,南阳,社旗
1574,1616,贵州,铜仁,石阡
1575,1617,河南,周口,沈丘
1576,1618,陕西,安康,石泉
1577,1619,山东,济宁,泗水
1578,1620,河南,周口,商水
1579,1621,湖北,荆州,石首
1580,1622,湖南,湘潭,韶山
1581,1623,广东,佛山,三水
1582,1624,新疆,吐鲁番,鄯善
1583,1625,浙江,舟山,嵊泗
1584,1626,广西,防城港,上思
1585,1627,安徽,安庆,宿松
1586,1628,安徽,池州,石台
1587,1629,四川,绵阳,三台
1588,1630,贵州,铜仁,松桃
1589,1631,新疆,塔城,沙湾
1590,1632,黑龙江,黑河,孙吴
1591,1633,福建,南平,邵武
1592,1634,河北,邯郸,涉县
1593,1635,山东,菏泽,单县
1594,1637,安徽,淮北,濉溪
1595,1638,安徽,黄山,歙县
1596,1639,安徽,宿州,泗县
1597,1640,福建,南平,松溪
1598,1641,河南,商丘,睢县
1599,1642,河南,洛阳,嵩县
1600,1643,广东,韶关,始兴
1601,1644,广东,湛江,遂溪
1602,1645,吉林,长春,双阳
1603,1646,山西,晋中,寿阳
1604,1647,江苏,盐城,射阳
1605,1648,江苏,宿迁,泗阳
1606,1649,浙江,丽水,松阳
1607,1650,贵州,遵义,绥阳
1608,1651,陕西,商洛,山阳
1609,1652,新疆,阿克苏,沙雅
1610,1653,河北,张家口,尚义
1611,1654,山西,朔州,山阴
1612,1655,江西,赣州,上犹
1613,1656,浙江,绍兴,上虞
1614,1658,陕西,咸阳,三原
1615,1659,西藏,那曲,申扎
1616,1660,河北,石家庄,深泽
1617,1661,黑龙江,哈尔滨,尚志
1618,1662,辽宁,葫芦岛,绥中
1619,1663,湖南,张家界,桑植
1620,1664,湖北,荆州,松滋
1621,1665,云南,曲靖,师宗
1622,1666,内蒙古,乌兰察布,四子王旗
1623,1667,辽宁,鞍山,台安
1624,1668,福建,厦门,同安
1625,1669,河南,南阳,桐柏
1626,1670,陕西,宝鸡,太白
1627,1671,江苏,苏州,太仓
1628,1672,山东,临沂,郯城
1629,1673,安徽,安庆,桐城
1630,1674,安徽,滁州,天长
1631,1675,河南,商丘,柘城
1632,1676,湖北,咸宁,通城
1633,1677,云南,保山,腾冲
1634,1678,湖南,怀化,通道
1635,1679,广西,崇左,天等
1636,1680,青海,海南,同德
1637,1681,广西,百色,田东
1638,1682,广西,河池,天峨
1639,1683,山西,晋中,太谷
1640,1684,江西,宜春,铜鼓
1641,1685,陕西,渭南,潼关
1642,1686,云南,玉溪,通海
1643,1687,河北,唐山,曹妃甸
1644,1688,黑龙江,大兴安岭,塔河
1645,1689,黑龙江,哈尔滨,通河
1646,1690,安徽,阜阳,太和
1647,1691,江西,吉安,泰和
1648,1692,河南,南阳,唐河
1649,1693,安徽,安庆,太湖
1650,1694,吉林,通化,通化县
1651,1695,黑龙江,佳木斯,同江
1652,1696,湖南,益阳,桃江
1653,1697,四川,巴中,通江
1654,1698,贵州,黔东南,台江
1655,1699,青海,海西,天峻
1656,1700,河南,周口,太康
1657,1701,新疆,伊犁,特克斯
1658,1702,内蒙古,呼和浩特,托县
1659,1703,新疆,吐鲁番,托克逊
1660,1704,黑龙江,齐齐哈尔,泰来
1661,1705,宁夏,石嘴山,陶乐
1662,1706,内蒙古,呼伦贝尔,图里河
1663,1707,黑龙江,伊春,铁力
1664,1708,山西,长治,屯留
1665,1709,广西,百色,田林
1666,1710,新疆,塔城,托里
1667,1711,浙江,杭州,桐庐
1668,1712,吉林,延边,图们
1669,1713,内蒙古,呼和浩特,土左旗
1670,1714,内蒙古,包头,土右旗
1671,1715,吉林,白城,洮南
1672,1716,福建,三明,泰宁
1673,1717,内蒙古,锡林郭勒,太仆寺
1674,1718,河南,濮阳,台前
1675,1719,内蒙古,兴安盟,突泉
1676,1720,四川,雅安,天全
1677,1721,福建,宁德,柘荣
1678,1722,新疆,喀什,塔什库尔干
1679,1723,浙江,温州,泰顺
1680,1724,湖北,咸宁,通山
1681,1725,广东,江门,台山
1682,1727,浙江,台州,天台
1683,1728,甘肃,定西,通渭
1684,1729,河北,保定,唐县
1685,1730,江苏,泰州,泰兴
1686,1731,浙江,嘉兴,桐乡
1687,1732,广西,梧州,藤县
1688,1733,宁夏,吴忠,同心
1689,1734,河南,开封,通许
1690,1735,广西,百色,田阳
1691,1736,河南,安阳,汤阴
1692,1737,黑龙江,佳木斯,汤原
1693,1738,吉林,白城,通榆
1694,1739,湖南,常德,桃源
1695,1740,山西,大同,天镇
1696,1741,山东,枣庄,滕州
1697,1742,贵州,黔东南,天柱
1698,1743,甘肃,武威,天祝
1699,1744,贵州,遵义,桐梓
1700,1745,河北,邯郸,武安
1701,1746,江西,吉安,万安
1702,1747,河北,廊坊,文安
1703,1748,河南,漯河,舞阳
1704,1749,陕西,榆林,吴堡
1705,1750,四川,广元,旺苍
1706,1751,黑龙江,哈尔滨,五常
1707,1752,河北,承德,围场
1708,1753,内蒙古,呼和浩特,武川
1709,1754,山东,德州,武城
1710,1755,浙江,温州,文成
1711,1756,广东,湛江,吴川
1712,1757,贵州,遵义,务川
1713,1758,四川,阿坝,汶川
1714,1759,黑龙江,黑河,五大连池
1715,1760,山东,滨州,无棣
1716,1761,云南,楚雄,武定
1717,1762,河北,保定,望都
1718,1763,辽宁,大连,瓦房店
1719,1764,湖北,宜昌,五峰
1720,1765,河南,平顶山,舞钢
1721,1766,湖南,邵阳,武冈
1722,1767,陕西,咸阳,武功
1723,1768,安徽,蚌埠,五河
1724,1769,河南,新乡,卫辉
1725,1770,广东,梅州,五华
1726,1771,河北,石家庄,无极
1727,1772,江苏,苏州,吴江
1728,1773,安徽,安庆,望江
1729,1774,河南,洛阳,孟津
1730,1775,四川,成都,温江
1731,1776,黑龙江,绥化,望奎
1732,1777,青海,海西,乌兰
1733,1778,浙江,台州,温岭
1734,1779,新疆,巴音郭楞,尉犁
1735,1780,内蒙古,巴彦淖尔,乌前旗
1736,1781,内蒙古,巴彦淖尔,乌中旗
1737,1782,内蒙古,巴彦淖尔,乌后旗
1738,1783,山东,滨州,惠民
1739,1784,广西,南宁,武鸣
1740,1785,贵州,黔西南,望谟
1741,1786,江西,九江,武宁
1742,1787,江西,上饶,万年
1743,1788,贵州,毕节,威宁
1744,1789,内蒙古,赤峰,翁牛特
1745,1790,福建,龙岩,武平
1746,1791,吉林,延边,汪清
1747,1792,河北,沧州,吴桥
1748,1793,新疆,克州,乌恰
1749,1794,河北,张家口,万全
1750,1795,新疆,博尔塔拉,温泉
1751,1796,山西,运城,万荣
1752,1797,山西,吕梁,文水
1753,1798,山东,济宁,微山
1754,1799,山东,济宁,汶上
1755,1800,河南,开封,尉氏
1756,1801,四川,广安,武胜
1757,1802,贵州,铜仁,万山
1758,1803,云南,大理,巍山
1759,1804,甘肃,天水,武山
1760,1805,新疆,阿克苏,乌什
1761,1806,新疆,塔城,乌苏
1762,1807,新疆,阿克苏,温宿
1763,1808,安徽,芜湖,无为
1764,1809,河北,张家口,蔚县
1765,1810,山西,长治,武乡
1766,1811,河南,焦作,温县
1767,1812,云南,昭通,威信
1768,1813,甘肃,陇南,文县
1769,1814,云南,迪庆,维西
1770,1815,湖北,黄冈,武穴
1771,1816,广西,来宾,武宣
1772,1817,浙江,金华,武义
1773,1818,黑龙江,伊春,五营
1774,1819,黑龙江,伊春,乌伊岭
1775,1820,福建,南平,武夷山
1776,1821,内蒙古,巴彦淖尔,五原
1777,1822,江西,上饶,婺源
1778,1823,广东,韶关,翁源
1779,1824,四川,达州,万源
1780,1825,甘肃,定西,渭源
1781,1826,四川,内江,威远
1782,1827,江西,宜春,万载
1783,1828,山西,忻州,五寨
1784,1829,河南,焦作,武陟
1785,1830,青海,海东,互助
1786,1831,河南,洛阳,新安
1787,1832,内蒙古,呼伦贝尔,新左旗
1788,1833,内蒙古,呼伦贝尔,新右旗
1789,1834,河南,驻马店,新蔡
1790,1835,辽宁,葫芦岛,兴城
1791,1836,浙江,绍兴,新昌
1792,1837,河南,许昌,襄城
1793,1838,河南,南阳,淅川
1794,1839,广西,来宾,忻城
1795,1840,四川,凉山,西昌
1796,1841,四川,南充,西充
1797,1842,云南,文山,西畴
1798,1843,河南,周口,项城
1799,1844,四川,凉山,喜德
1800,1845,云南,昆明,寻甸
1801,1846,四川,成都,新都
1802,1847,湖北,恩施,宣恩
1803,1848,辽宁,铁岭,西丰
1804,1849,山西,临汾,襄汾
1805,1850,江西,赣州,信丰
1806,1851,湖北,恩施,咸丰
1807,1852,广东,韶关,新丰
1808,1853,贵州,贵阳,息烽
1809,1855,江西,吉安,新干
1810,1856,江西,赣州,兴国
1811,1857,四川,达州,宣汉
1812,1858,青海,海南,兴海
1813,1859,内蒙古,乌兰察布,兴和
1814,1860,甘肃,陇南,西和
1815,1861,甘肃,甘南,夏河
1816,1862,新疆,阿克苏,新和
1817,1863,河北,廊坊,香河
1818,1864,内蒙古,锡林郭勒,镶黄旗
1819,1865,河北,张家口,宣化
1820,1866,江苏,泰州,兴化
1821,1867,湖南,娄底,新化
1822,1868,湖南,怀化,新晃
1823,1869,广东,江门,新会
1824,1870,青海,海东,循化
1825,1871,河南,周口,西华
1826,1872,河北,石家庄,辛集
1827,1873,山西,运城,新绛
1828,1874,山东,德州,夏津
1829,1875,江西,南昌,新建
1830,1876,江西,吉安,峡江
1831,1877,四川,成都,新津
1832,1878,宁夏,固原,西吉
1833,1879,四川,阿坝,小金
1834,1880,浙江,台州,仙居
1835,1881,黑龙江,黑河,逊克
1836,1882,河北,石家庄,新乐
1837,1883,广西,百色,西林
1838,1884,黑龙江,大兴安岭,新林
1839,1885,河北,承德,兴隆
1840,1886,云南,普洱,西盟
1841,1887,辽宁,沈阳,新民
1842,1888,河南,郑州,新密
1843,1889,山西,临汾,乡宁
1844,1890,安徽,黄山,休宁
1845,1891,湖南,邵阳,新宁
1846,1892,广东,梅州,兴宁
1847,1893,云南,玉溪,新平
1848,1894,陕西,咸阳,兴平
1849,1895,河南,驻马店,西平
1850,1896,福建,宁德,霞浦
1851,1897,湖南,怀化,溆浦
1852,1898,贵州,黔西南,兴仁
1853,1899,河北,保定,徐水
1854,1900,江苏,盐城,响水
1855,1901,浙江,杭州,萧山
1856,1902,江西,九江,修水
1857,1903,湖北,黄冈,浠水
1858,1904,湖北,宜昌,兴山
1859,1905,湖南,邵阳,新邵
1860,1906,贵州,遵义,习水
1861,1907,河北,石家庄,行唐
1862,1908,山东,泰安,新泰
1863,1909,湖南,永州,新田
1864,1910,广东,湛江,徐闻
1865,1911,四川,宜宾,兴文
1866,1912,贵州,贵阳,修文
1867,1913,云南,曲靖,宣威
1868,1914,内蒙古,锡林郭勒,西乌旗
1869,1915,江西,赣州,寻乌
1870,1916,河南,焦作,修武
1871,1917,河北,雄安新区,雄县
1872,1918,山西,临汾,隰县
1873,1919,山西,吕梁,兴县
1874,1920,安徽,宿州,萧县
1875,1921,河南,南阳,西峡
1876,1922,湖南,湘潭,湘乡
1877,1923,广东,云浮,新兴
1878,1924,陕西,汉中,西乡
1879,1925,河南,信阳,息县
1880,1926,河南,信阳,新县
1881,1927,湖南,株洲,攸县
1882,1928,山西,晋中,昔阳
1883,1929,河南,郑州,荥阳
1884,1930,陕西,安康,旬阳
1885,1931,河南,南阳,新野
1886,1932,山西,吕梁,孝义
1887,1933,江苏,徐州,新沂
1888,1934,河南,商丘,夏邑
1889,1935,湖南,岳阳,湘阴
1890,1936,广东,茂名,信宜
1891,1938,陕西,咸阳,旬邑
1892,1939,福建,莆田,仙游
1893,1940,四川,泸州,叙永
1894,1941,山西,长治,襄垣
1895,1942,云南,大理,祥云
1896,1943,新疆,伊犁,新源
1897,1945,河南,郑州,新郑
1898,1946,湖北,武汉,新洲
1899,1947,广西,来宾,象州
1900,1948,江西,九江,濂溪
1901,1949,黑龙江,齐齐哈尔,依安
1902,1950,福建,三明,永安
1903,1951,湖北,宜昌,远安
1904,1952,云南,楚雄,姚安
1905,1953,四川,攀枝花,盐边
1906,1954,云南,大理,漾濞
1907,1955,山西,晋城,阳城
1908,1956,山西,临汾,翼城
1909,1957,山东,菏泽,郓城
1910,1958,山东,德州,禹城
1911,1959,福建,泉州,永春
1912,1960,河南,商丘,永城
1913,1961,河南,商丘,虞城
1914,1962,河南,洛阳,伊川
1915,1963,湖北,孝感,应城
1916,1964,湖北,襄阳,宜城
1917,1965,广东,阳江,阳春
1918,1966,四川,广安,岳池
1919,1967,陕西,延安,延长
1920,1968,陕西,延安,延川
1921,1969,陕西,延安,宜川
1922,1970,甘肃,金昌,永昌
1923,1971,宁夏,吴忠,盐池
1924,1972,新疆,喀什,叶城
1925,1973,山西,晋中,榆次
1926,1974,广东,清远,英德
1927,1975,甘肃,兰州,永登
1928,1976,云南,临沧,永德
1929,1977,福建,龙岩,永定
1930,1978,江西,赣州,于都
1931,1979,江西,宜春,宜丰
1932,1980,江西,吉安,永丰
1933,1981,广西,桂林,永福
1934,1982,江西,上饶,余干
1935,1983,浙江,杭州,余杭
1936,1984,黑龙江,双鸭山,饶河
1937,1985,山西,临汾,永和
1938,1986,浙江,丽水,云和
1939,1987,贵州,铜仁,沿河
1940,1988,浙江,台州,玉环
1941,1989,江西,抚州,宜黄
1942,1990,吉林,永吉,永吉
1943,1991,浙江,温州,永嘉
1944,1992,江西,鹰潭,余江
1945,1993,河南,新乡,延津
1946,1994,湖南,益阳,沅江
1947,1995,贵州,铜仁,印江
1948,1996,云南,德宏,盈江
1949,1997,云南,昭通,盐津
1950,1998,云南,玉溪,元江
1951,1999,甘肃,临夏,永靖
1952,2000,山西,运城,永济
1953,2001,内蒙古,鄂尔多斯,伊金霍洛
1954,2002,新疆,喀什,英吉沙
1955,2003,陕西,铜川,宜君
1956,2004,浙江,金华,永康
1957,2005,内蒙古,呼伦贝尔,牙克石
1958,2006,黑龙江,哈尔滨,依兰
1959,2007,河南,许昌,鄢陵
1960,2008,湖南,株洲,炎陵
1961,2009,湖南,怀化,沅陵
1962,2010,四川,宜宾,筠连
1963,2011,云南,昭通,彝良
1964,2012,云南,昆明,宜良
1965,2013,四川,南充,仪陇
1966,2014,湖北,孝感,云梦
1967,2015,云南,玉溪,易门
1968,2016,甘肃,酒泉,玉门
1969,2017,新疆,塔城,裕民
1970,2018,云南,楚雄,元谋
1971,2019,山东,临沂,沂南
1972,2020,广东,云浮,郁南
1973,2021,河北,邯郸,永年
1974,2022,广西,南宁,邕宁
1975,2023,宁夏,银川,永宁
1976,2024,新疆,喀什,岳普湖
1977,2025,山西,忻州,原平
1978,2026,贵州,铜仁,玉屏
1979,2027,云南,大理,永平
1980,2028,贵州,遵义,余庆
1981,2029,新疆,巴音郭楞,焉耆
1982,2030,河北,廊坊,永清
1983,2031,山西,太原,阳曲
1984,2032,山西,运城,垣曲
1985,2033,云南,楚雄,永仁
1986,2034,黑龙江,哈尔滨,延寿
1987,2035,吉林,长春,榆树
1988,2036,河北,石家庄,元氏
1989,2037,山西,晋中,榆社
1990,2038,山东,临沂,沂水
1991,2039,安徽,阜阳,颍上
1992,2040,江西,上饶,玉山
1993,2041,河南,洛阳,偃师
1994,2042,湖北,黄冈,英山
1995,2043,湖南,湘西,永顺
1996,2044,广东,清远,阳山
1997,2045,广西,桂林,阳朔
1998,2046,四川,南充,营山
1999,2047,云南,昭通,永善
2000,2048,云南,文山,砚山
2001,2049,陕西,咸阳,永寿
2002,2050,云南,丽江,永胜
2003,2051,山东,济宁,鱼台
2004,2052,江苏,淮安,盱眙
2005,2053,福建,福州,永泰
2006,2054,四川,绵阳,盐亭
2007,2055,新疆,和田,于田
2008,2056,河北,唐山,玉田
2009,2057,浙江,金华,义乌
2010,2058,新疆,哈密,伊吾
2011,2059,辽宁,锦州,义县
2012,2060,河北,保定,易县
2013,2061,山西,朔州,应县
2014,2062,山东,滨州,阳信
2015,2063,江苏,无锡,宜兴
2016,2064,安徽,黄山,黟县
2017,2065,安徽,安庆,岳西
2018,2066,福建,漳州,云霄
2019,2067,福建,三明,尤溪
2020,2068,江西,吉安,永新
2021,2069,江西,九江,永修
2022,2070,河南,平顶山,叶县
2023,2071,湖北,黄石,阳新
2024,2072,湖北,十堰,郧西
2025,2073,湖北,十堰,郧阳
2026,2074,湖南,郴州,永兴
2027,2075,四川,凉山,越西
2028,2076,陕西,汉中,洋县
2029,2077,陕西,铜川,耀州
2030,2079,辽宁,鞍山,岫岩
2031,2080,浙江,宁波,余姚
2032,2081,江西,上饶,弋阳
2033,2082,河南,新乡,原阳
2034,2083,河南,洛阳,宜阳
2035,2084,云南,红河,元阳
2036,2085,河北,张家口,阳原
2037,2086,山西,朔州,右玉
2038,2087,山东,淄博,沂源
2039,2088,山东,济宁,兖州
2040,2089,江苏,镇江,扬中
2041,2090,江苏,扬州,仪征
2042,2091,河南,许昌,禹州
2043,2092,湖南,郴州,宜章
2044,2093,广西,河池,宜州
2045,2094,甘肃,兰州,榆中
2046,2095,福建,漳州,诏安
2047,2096,贵州,遵义,正安
2048,2097,陕西,商洛,镇安
2049,2098,陕西,汉中,镇巴
2050,2099,河北,张家口,张北
2051,2100,山东,济宁,邹城
2052,2101,山东,潍坊,诸城
2053,2102,广东,广州,增城
2054,2103,陕西,延安,子长
2055,2104,河北,石家庄,正定
2056,2105,云南,迪庆,中甸
2057,2106,黑龙江,绥化,肇东
2058,2107,青海,玉树,治多
2059,2108,青海,玉树,杂多
2060,2109,贵州,黔西南,贞丰
2061,2110,西藏,昌都,左贡
2062,2111,内蒙古,鄂尔多斯,准格尔
2063,2112,湖北,宜昌,秭归
2064,2113,浙江,宁波,镇海
2065,2114,辽宁,大连,庄河
2066,2115,福建,南平,政和
2067,2116,河北,唐山,遵化
2068,2117,河北,石家庄,赞皇
2069,2118,山东,滨州,沾化
2070,2119,甘肃,天水,张家川
2071,2120,浙江,绍兴,诸暨
2072,2121,湖北,宜昌,枝江
2073,2122,湖南,怀化,芷江
2074,2123,广东,河源,紫金
2075,2124,贵州,毕节,织金
2076,2125,四川,德阳,中江
2077,2126,江苏,苏州,张家港
2078,2127,云南,临沧,镇康
2079,2128,青海,黄南,泽库
2080,2129,吉林,白城,镇赉
2081,2130,内蒙古,通辽,扎鲁特
2082,2131,内蒙古,兴安盟,扎赉特
2083,2132,内蒙古,呼伦贝尔,扎兰屯
2084,2133,河北,张家口,涿鹿
2085,2134,河南,郑州,中牟
2086,2135,福建,宁德,周宁
2087,2136,贵州,安顺,镇宁
2088,2137,甘肃,庆阳,正宁
2089,2138,甘肃,甘南,卓尼
2090,2139,宁夏,中卫,中宁
2091,2140,山东,滨州,邹平
2092,2141,福建,龙岩,漳平
2093,2142,河南,南阳,镇平
2094,2143,广西,贺州,昭平
2095,2144,陕西,安康,镇坪
2096,2145,福建,漳州,漳浦
2097,2146,新疆,喀什,泽普
2098,2147,山东,济南,章丘
2099,2148,山西,晋中,左权
2100,2149,甘肃,甘南,舟曲
2101,2150,江西,宜春,樟树
2102,2151,湖北,十堰,竹山
2103,2152,广西,贺州,钟山
2104,2153,陕西,商洛,柞水
2105,2154,新疆,伊犁,昭苏
2106,2155,四川,绵阳,梓潼
2107,2156,辽宁,阜新,彰武
2108,2157,河北,石家庄,赵县
2109,2158,江西,抚州,资溪
2110,2159,湖北,十堰,竹溪
2111,2160,湖北,荆门,钟祥
2112,2161,湖南,郴州,资兴
2113,2162,云南,昭通,镇雄
2114,2163,甘肃,定西,漳县
2115,2164,内蒙古,锡林郭勒,正镶白旗
2116,2165,山西,吕梁,中阳
2117,2166,安徽,铜陵,枞阳
2118,2167,湖北,襄阳,枣阳
2119,2168,陕西,安康,紫阳
2120,2169,河南,驻马店,正阳
2121,2170,云南,曲靖,沾益
2122,2171,黑龙江,大庆,肇源
2123,2172,山西,大同,左云
2124,2173,山东,烟台,招远
2125,2174,广西,桂林,资源
2126,2175,贵州,黔东南,镇远
2127,2176,贵州,安顺,紫云
2128,2177,甘肃,庆阳,镇原
2129,2178,云南,普洱,镇沅
2130,2179,黑龙江,大庆,肇州
2131,2180,河北,保定,涿州
2132,2181,陕西,榆林,子洲
2133,2182,陕西,西安,周至
2134,2183,四川,内江,资中
2135,2184,内蒙古,乌兰察布,卓资
2136,2185,安徽,宿州,灵璧
2137,2212,河北,衡水,深州
2138,2213,新疆,伊犁,奎屯
2139,2214,黑龙江,齐齐哈尔,甘南
2140,2215,黑龙江,双鸭山,友谊
2141,2216,吉林,四平,梨树
2142,2217,吉林,四平,伊通
2143,2218,吉林,辽源,东辽
2144,2219,吉林,松原,前郭
2145,2220,吉林,白山,东岗
2146,2221,吉林,白山,抚松
2147,2222,吉林,白山,江源
2148,2223,辽宁,大连,金州
2149,2224,辽宁,大连,旅顺
2150,2225,辽宁,抚顺,新宾
2151,2226,辽宁,抚顺,章党
2152,2227,辽宁,锦州,北镇
2153,2228,辽宁,辽阳,辽阳县
2154,2229,辽宁,辽阳,弓长岭
2155,2230,辽宁,铁岭,调兵山
2156,2231,辽宁,朝阳,喀左
2157,2232,辽宁,朝阳,建平县
2158,2233,内蒙古,呼和浩特,清水河
2159,2234,内蒙古,呼和浩特,赛罕
2160,2235,内蒙古,包头,满都拉
2161,2236,内蒙古,包头,达茂旗
2162,2237,内蒙古,包头,希拉穆仁
2163,2238,内蒙古,通辽,舍伯吐
2164,2239,内蒙古,通辽,青龙山
2165,2240,内蒙古,通辽,科尔沁
2166,2241,内蒙古,通辽,巴雅尔吐胡硕
2167,2242,内蒙古,赤峰,阿鲁旗
2168,2243,内蒙古,赤峰,浩尔吐
2169,2244,内蒙古,赤峰,岗子
2170,2245,内蒙古,赤峰,八里罕
2171,2246,内蒙古,赤峰,宝国图
2172,2247,内蒙古,鄂尔多斯,河南
2173,2248,内蒙古,鄂尔多斯,伊和乌素
2174,2249,内蒙古,鄂尔多斯,杭锦旗
2175,2250,内蒙古,鄂尔多斯,乌审旗
2176,2251,内蒙古,鄂尔多斯,乌审召
2177,2252,内蒙古,巴彦淖尔,大佘太
2178,2253,内蒙古,巴彦淖尔,海力素
2179,2254,内蒙古,巴彦淖尔,那仁宝力格
2180,2255,内蒙古,锡林郭勒,阿巴嘎
2181,2256,内蒙古,锡林郭勒,朱日和
2182,2257,内蒙古,锡林郭勒,正蓝旗
2183,2258,内蒙古,锡林郭勒,乌拉盖
2184,2259,内蒙古,呼伦贝尔,小二沟
2185,2260,内蒙古,呼伦贝尔,鄂伦春旗
2186,2261,内蒙古,呼伦贝尔,鄂温克旗
2187,2262,内蒙古,呼伦贝尔,额尔古纳
2188,2263,内蒙古,兴安盟,科右中旗
2189,2264,内蒙古,兴安盟,胡尔勒
2190,2265,内蒙古,兴安盟,索伦
2191,2266,内蒙古,兴安盟,科右前旗
2192,2267,内蒙古,阿拉善盟,拐子湖
2193,2268,内蒙古,阿拉善盟,吉兰太
2194,2269,内蒙古,锡林郭勒,锡林郭勒
2195,2270,新疆,乌鲁木齐,水磨沟
2196,2271,内蒙古,阿拉善盟,中泉子
2197,2272,内蒙古,阿拉善盟,巴彦诺日公
2198,2273,内蒙古,阿拉善盟,雅布赖
2199,2274,内蒙古,阿拉善盟,乌斯太
2200,2275,内蒙古,阿拉善盟,孪井滩
2201,2276,河北,石家庄,鹿泉
2202,2277,河北,保定,涞水
2203,2278,河北,保定,定兴
2204,2279,河北,保定,博野
2205,2280,河北,承德,承德县
2206,2281,河北,唐山,曹妃甸
2207,2282,河北,沧州,海兴
2208,2283,河北,沧州,盐山
2209,2284,河北,沧州,肃宁
2210,2285,河北,沧州,南皮
2211,2286,河北,沧州,献县
2212,2287,河北,沧州,孟村
2213,2288,河北,沧州,沧县
2214,2289,河北,衡水,枣强
2215,2290,河北,衡水,武邑
2216,2291,河北,衡水,武强
2217,2292,河北,衡水,饶阳
2218,2293,河北,衡水,故城
2219,2294,河北,衡水,景县
2220,2295,河北,衡水,阜城
2221,2296,河北,衡水,冀州
2222,2297,河北,邢台,临城
2223,2298,河北,邢台,内丘
2224,2299,河北,邢台,柏乡
2225,2300,河北,邢台,隆尧
2226,2301,河北,邢台,南和
2227,2302,河北,邢台,宁晋
2228,2303,河北,邢台,巨鹿
2229,2304,河北,邢台,新河
2230,2305,河北,邢台,广宗
2231,2306,河北,邢台,平乡
2232,2307,河北,邢台,威县
2233,2308,河北,邢台,清河
2234,2309,河北,邢台,临西
2235,2310,河北,邢台,任县
2236,2311,河北,邯郸,峰峰
2237,2312,河北,邯郸,临漳
2238,2313,河北,邯郸,成安
2239,2314,河北,邯郸,大名
2240,2315,河北,邯郸,磁县
2241,2316,河北,邯郸,邱县
2242,2317,河北,邯郸,鸡泽
2243,2318,河北,邯郸,魏县
2244,2319,河北,秦皇岛,青龙
2245,2320,河北,秦皇岛,抚宁
2246,2321,河北,秦皇岛,卢龙
2247,2322,河北,秦皇岛,北戴河
2248,2323,山西,太原,古交
2249,2324,山西,太原,尖草坪区
2250,2325,山西,太原,小店区
2251,2326,山西,大同,阳高
2252,2327,山西,大同,大同县
2253,2328,山西,大同,灵丘
2254,2329,山西,阳泉,盂县
2255,2330,山西,晋城,泽州
2256,2331,山西,临汾,侯马
2257,2332,山西,运城,绛县
2258,2333,山西,运城,闻喜
2259,2334,山西,运城,夏县
2260,2335,山西,朔州,平鲁
2261,2336,山西,忻州,五台县
2262,2337,山西,忻州,五台山
2263,2338,山西,忻州,静乐
2264,2339,陕西,延安,志丹
2265,2340,陕西,延安,吴起
2266,2341,陕西,榆林,榆阳
2267,2342,陕西,商洛,商州
2268,2343,陕西,宝鸡,陈仓
2269,2344,陕西,铜川,耀州
2270,2345,陕西,杨凌,杨凌
2271,2346,山东,青岛,崂山
2272,2347,山东,淄博,淄川
2273,2348,山东,淄博,博山
2274,2349,山东,淄博,周村
2275,2350,山东,德州,临邑
2276,2351,山东,德州,齐河
2277,2352,山东,烟台,福山
2278,2353,山东,东营,垦利
2279,2354,山东,威海,文登
2280,2355,山东,威海,荣成
2281,2356,山东,威海,乳山
2282,2357,山东,威海,成山头
2283,2358,山东,威海,石岛
2284,2359,山东,枣庄,薛城
2285,2360,山东,枣庄,峄城
2286,2361,山东,枣庄,台儿庄
2287,2362,山东,日照,五莲
2288,2363,山东,聊城,冠县
2289,2364,山东,聊城,阳谷
2290,2365,山东,聊城,高唐
2291,2366,山东,聊城,茌平
2292,2367,山东,聊城,东阿
2293,2368,山东,聊城,莘县
2294,2369,新疆,乌鲁木齐,小渠子
2295,2370,新疆,乌鲁木齐,达坂城
2296,2371,新疆,乌鲁木齐,乌鲁木齐县
2297,2372,新疆,乌鲁木齐,天池
2298,2373,新疆,乌鲁木齐,白杨沟
2299,2374,新疆,克拉玛依,乌尔禾
2300,2375,新疆,克拉玛依,白碱滩
2301,2376,新疆,石河子,炮台
2302,2377,新疆,石河子,莫索湾
2303,2378,新疆,昌吉,蔡家湖
2304,2379,新疆,巴音郭楞,巴音布鲁克
2305,2380,新疆,巴音郭楞,铁干里克
2306,2381,新疆,巴音郭楞,塔中
2307,2382,新疆,巴音郭楞,巴仑台
2308,2383,新疆,喀什,疏附
2309,2384,新疆,喀什,疏勒
2310,2385,新疆,伊犁,伊宁县
2311,2386,新疆,伊犁,霍尔果斯
2312,2387,新疆,博尔塔拉,阿拉山口
2313,2388,西藏,拉萨,当雄
2314,2389,西藏,拉萨,林周
2315,2390,西藏,拉萨,堆龙德庆
2316,2391,西藏,拉萨,曲水
2317,2392,西藏,拉萨,达孜
2318,2393,西藏,拉萨,墨竹工卡
2319,2394,西藏,日喀则,江孜
2320,2395,西藏,日喀则,帕里
2321,2396,西藏,日喀则,仲巴
2322,2397,西藏,日喀则,萨嘎
2323,2398,西藏,日喀则,吉隆
2324,2399,西藏,日喀则,昂仁
2325,2400,西藏,日喀则,定结
2326,2401,西藏,日喀则,萨迦
2327,2402,西藏,日喀则,谢通门
2328,2403,西藏,日喀则,岗巴
2329,2404,西藏,日喀则,白朗
2330,2405,西藏,日喀则,亚东
2331,2406,西藏,日喀则,康马
2332,2407,西藏,日喀则,仁布
2333,2408,西藏,山南,贡嘎
2334,2409,西藏,山南,扎囊
2335,2410,西藏,山南,加查
2336,2411,西藏,山南,泽当
2337,2412,西藏,山南,乃东
2338,2413,西藏,山南,桑日
2339,2414,西藏,山南,洛扎
2340,2415,西藏,山南,措美
2341,2416,西藏,山南,琼结
2342,2417,西藏,山南,曲松
2343,2418,西藏,林芝,波密
2344,2419,西藏,林芝,米林
2345,2420,西藏,林芝,察隅
2346,2421,西藏,林芝,工布江达
2347,2422,西藏,林芝,朗县
2348,2423,西藏,林芝,墨脱
2349,2424,西藏,昌都,边坝
2350,2425,西藏,昌都,类乌齐
2351,2426,西藏,昌都,八宿
2352,2427,西藏,昌都,江达
2353,2428,西藏,昌都,察雅
2354,2429,西藏,昌都,贡觉
2355,2430,西藏,那曲,尼玛
2356,2431,西藏,那曲,安多
2357,2432,西藏,那曲,索县
2358,2433,西藏,那曲,聂荣
2359,2434,西藏,那曲,巴青
2360,2435,西藏,那曲,比如
2361,2436,西藏,那曲,双湖
2362,2437,西藏,阿里,狮泉河
2363,2438,西藏,阿里,札达
2364,2439,西藏,阿里,噶尔
2365,2440,西藏,阿里,日土
2366,2441,西藏,阿里,革吉
2367,2442,西藏,阿里,措勤
2368,2443,青海,西宁,湟中
2369,2444,青海,黄南,黄南
2370,2445,青海,玉树,称多
2371,2446,青海,玉树,囊谦
2372,2447,青海,海西,格尔木
2373,2448,青海,海西,都兰
2374,2449,甘肃,平凉,崆峒
2375,2450,甘肃,庆阳,庆城
2376,2451,甘肃,酒泉,阿克塞
2377,2452,甘肃,天水,麦积
2378,2453,甘肃,陇南,宕昌
2379,2454,甘肃,临夏,东乡
2380,2455,甘肃,临夏,积石山
2381,2456,甘肃,白银,平川
2382,2457,河南,郑州,上街
2383,2458,河南,安阳,林州
2384,2459,河南,平顶山,石龙
2385,2460,河南,洛阳,吉利
2386,2461,河南,焦作,孟州
2387,2462,河南,三门峡,义马
2388,2463,河南,三门峡,陕州
2389,2464,江苏,南京,浦口
2390,2465,江苏,无锡,锡山
2391,2466,江苏,镇江,丹徒
2392,2467,江苏,苏州,吴中
2393,2468,江苏,南通,通州
2394,2469,江苏,扬州,邗江
2395,2470,江苏,盐城,盐都
2396,2471,江苏,徐州,铜山
2397,2472,江苏,淮安,淮阴区
2398,2473,江苏,淮安,淮安区
2399,2474,江苏,常州,武进
2400,2475,江苏,宿迁,沭阳
2401,2476,江苏,宿迁,宿豫
2402,2477,湖北,武汉,东西湖
2403,2478,湖北,襄阳,襄州
2404,2479,湖北,鄂州,梁子湖
2405,2480,湖北,孝感,孝昌
2406,2481,湖北,黄冈,团风
2407,2482,湖北,黄石,铁山
2408,2483,湖北,黄石,下陆
2409,2484,湖北,黄石,西塞山
2410,2485,湖北,宜昌,宜都
2411,2486,湖北,宜昌,三峡
2412,2487,湖北,宜昌,夷陵
2413,2488,湖北,十堰,茅箭
2414,2489,湖北,十堰,张湾
2415,2490,湖北,荆门,掇刀
2416,2491,湖北,荆门,沙洋
2417,2492,湖北,荆门,东宝
2418,2493,浙江,宁波,象山
2419,2494,浙江,宁波,北仑
2420,2495,浙江,宁波,鄞州
2421,2496,浙江,绍兴,嵊州
2422,2497,浙江,绍兴,柯桥
2423,2498,浙江,台州,洪家
2424,2499,浙江,台州,路桥
2425,2500,浙江,衢州,衢江
2426,2501,浙江,舟山,定海
2427,2502,安徽,合肥,巢湖
2428,2503,安徽,合肥,庐江
2429,2504,安徽,芜湖,芜湖县
2430,2505,安徽,芜湖,无为
2431,2506,安徽,淮南,潘集
2432,2507,安徽,马鞍山,含山
2433,2508,安徽,马鞍山,和县
2434,2509,安徽,黄山,黄山区
2435,2510,安徽,黄山,屯溪
2436,2511,安徽,黄山,黄山风景区(光明顶)
2437,2512,安徽,池州,九华山
2438,2513,福建,福州,闽侯
2439,2514,福建,莆田,秀屿
2440,2515,福建,莆田,涵江
2441,2516,福建,莆田,秀屿
2442,2517,福建,莆田,荔城
2443,2518,福建,莆田,城厢
2444,2519,福建,泉州,崇武
2445,2520,福建,泉州,惠安
2446,2521,福建,泉州,石狮
2447,2522,福建,钓鱼岛,钓鱼岛
2448,2523,江西,南昌,南昌县
2449,2524,江西,上饶,鄱阳
2450,2525,江西,上饶,上饶县
2451,2526,江西,抚州,乐安
2452,2527,江西,吉安,吉安县
2453,2528,江西,赣州,赣县
2454,2529,江西,景德镇,浮梁
2455,2530,江西,萍乡,上栗
2456,2531,江西,萍乡,安源
2457,2532,江西,萍乡,芦溪
2458,2533,江西,萍乡,湘东
2459,2534,湖南,长沙,湘江新区
2460,2535,湖南,长沙,望城
2461,2536,湖南,衡阳,衡阳县
2462,2537,湖南,衡阳,南岳
2463,2538,湖南,郴州,苏仙
2464,2539,湖南,常德,津市
2465,2540,湖南,益阳,赫山区
2466,2541,湖南,邵阳,邵阳县
2467,2542,湖南,张家界,武陵源
2468,2543,湖南,怀化,中方
2469,2544,湖南,怀化,洪江
2470,2545,湖南,永州,冷水滩
2471,2546,贵州,贵阳,白云
2472,2547,贵州,贵阳,花溪
2473,2548,贵州,贵阳,乌当
2474,2549,贵州,贵阳,小河
2475,2550,贵州,贵阳,云岩
2476,2551,贵州,贵阳,南明
2477,2552,江西,九江,庐山
2478,2553,贵州,遵义,汇川
2479,2554,贵州,遵义,红花岗
2480,2555,贵州,黔南,瓮安
2481,2556,贵州,毕节,黔西
2482,2557,贵州,黔西南,兴义
2483,2558,四川,成都,龙泉驿
2484,2559,四川,成都,青白江
2485,2560,四川,攀枝花,仁和
2486,2561,四川,绵阳,北川
2487,2562,四川,南充,阆中
2488,2563,四川,达州,通川
2489,2564,四川,达州,达川
2490,2565,四川,广安,华蓥
2491,2566,四川,泸州,泸县
2492,2567,四川,宜宾,宜宾县
2493,2568,四川,内江,东兴
2494,2569,四川,乐山,峨眉山市
2495,2570,四川,雅安,荥经
2496,2571,四川,甘孜,泸定
2497,2572,四川,甘孜,丹巴
2498,2573,四川,甘孜,九龙
2499,2574,四川,甘孜,雅江
2500,2575,四川,甘孜,道孚
2501,2576,四川,甘孜,炉霍
2502,2577,四川,甘孜,新龙
2503,2578,四川,甘孜,德格
2504,2579,四川,甘孜,白玉
2505,2580,四川,甘孜,石渠
2506,2581,四川,甘孜,色达
2507,2582,四川,甘孜,理塘
2508,2583,四川,甘孜,巴塘
2509,2584,四川,甘孜,乡城
2510,2585,四川,甘孜,稻城
2511,2586,四川,甘孜,得荣
2512,2587,四川,阿坝,九寨沟
2513,2588,四川,阿坝,金川
2514,2589,四川,阿坝,黑水
2515,2590,四川,阿坝,壤塘
2516,2591,四川,阿坝,若尔盖
2517,2592,四川,阿坝,红原
2518,2593,四川,德阳,罗江
2519,2594,广东,韶关,浈江
2520,2595,广东,韶关,武江
2521,2596,广东,梅州,梅县
2522,2597,广东,珠海,金湾
2523,2598,广东,佛山,高明
2524,2599,广东,湛江,赤坎
2525,2600,广东,湛江,坡头
2526,2601,广东,湛江,霞山
2527,2602,广东,湛江,麻章
2528,2603,广东,江门,蓬江
2529,2604,广东,江门,江海
2530,2605,广东,河源,东源
2531,2606,广东,清远,清新
2532,2607,广东,云浮,云安
2533,2608,广东,潮州,潮安
2534,2609,广东,阳江,阳东
2535,2610,广东,阳江,阳西
2536,2611,广东,揭阳,揭东
2537,2612,广东,茂名,电白
2538,2613,广东,汕尾,陆河
2539,2614,云南,昆明,太华山
2540,2615,云南,大理,云龙
2541,2616,云南,红河,河口
2542,2617,云南,普洱,宁洱
2543,2618,云南,昭通,水富
2544,2619,云南,临沧,云县
2545,2620,广西,来宾,合山
2546,2621,广西,桂林,兴安
2547,2622,广西,玉林,兴业
2548,2623,广西,河池,大化
2549,2624,广西,北海,涠洲岛
2550,2625,广西,防城港,东兴
2551,2626,广西,防城港,防城
2552,2627,海南,中沙,中沙
2553,2628,香港,城区,香港
2554,2629,香港,九龙,九龙
2555,2630,香港,新界,新界
2556,2631,澳门,城区,澳门
2557,2632,澳门,胱械,胱械
2558,2633,澳门,路环岛,路环岛
2559,2634,台湾,台北,桃园
2560,2635,台湾,台北,新竹
2561,2636,台湾,台北,宜兰
2562,2637,台湾,高雄,嘉义
2563,2638,台湾,高雄,台南
2564,2639,台湾,高雄,台东
2565,2640,台湾,高雄,屏东
2566,2641,台湾,台中,苗栗
2567,2642,台湾,台中,彰化
2568,2643,台湾,台中,南投
2569,2644,台湾,台中,花莲
2570,2645,台湾,台中,云林
2571,2646,中国,南子岛（Nanzidao）,南子岛（Nanzidao）
2572,2647,内蒙古,兴安盟,高力板
2573,2650,安徽,淮南,寿县
2574,2651,山东,济南,历下
2575,2714,内蒙古,乌兰察布,乌兰察布
2576,2715,广东,广州,越秀
2577,2720,广东,广州,荔湾
2578,2721,广东,广州,海珠
2579,2722,广东,广州,天河
2580,2723,广东,广州,白云
2581,2724,广东,广州,黄埔
2582,2725,广东,广州,南沙
2583,2726,河南,三门峡,陕州
2584,2727,重庆,开州,开州
2585,2728,四川,绵阳,安州
2586,2729,河北,雄安新区,雄县
2587,2730,河北,雄安新区,安新
2588,2731,陕西,渭南,华州
2589,2732,浙江,杭州,滨江
2590,2733,浙江,杭州,江干
2591,2734,浙江,杭州,西湖
2592,2735,浙江,杭州,拱墅
2593,2736,浙江,杭州,上城
2594,2737,浙江,杭州,下城
2595,2738,上海,黄浦,黄浦
2596,2739,上海,长宁,长宁
2597,2740,上海,静安,静安
2598,2741,上海,普陀,普陀
2599,2742,上海,虹口,虹口
2600,2743,天津,河西,河西
2601,2744,天津,南开,南开
2602,2745,天津,河北,河北
2603,2746,天津,红桥,红桥
2604,2747,黑龙江,黑河,爱辉
2605,2748,黑龙江,双鸭山,四方台
2606,2749,黑龙江,双鸭山,宝山
2607,2750,吉林,辽源,龙山
2608,2751,吉林,辽源,西安
2609,2752,吉林,白山,浑江
2610,2753,辽宁,沈阳,沈北新区
2611,2754,辽宁,鞍山,铁东
2612,2755,辽宁,鞍山,铁西
2613,2756,辽宁,鞍山,立山
2614,2757,辽宁,本溪,平山
2615,2758,辽宁,本溪,溪湖
2616,2759,辽宁,本溪,明山
2617,2760,辽宁,锦州,古塔
2618,2761,辽宁,辽阳,白塔
2619,2762,辽宁,辽阳,文圣
2620,2763,辽宁,辽阳,宏伟
2621,2764,辽宁,辽阳,太子河
2622,2765,辽宁,铁岭,银州
2623,2766,河北,石家庄,桥西
2624,2767,河北,石家庄,新华
2625,2768,河北,石家庄,井陉矿区
2626,2769,河北,石家庄,裕华
2627,2770,河北,保定,竞秀
2628,2771,河北,保定,莲池
2629,2772,河北,沧州,新华
2630,2773,河北,沧州,运河
2631,2774,山西,阳泉,矿区
2632,2775,山西,阳泉,郊区
2633,2776,山西,运城,盐湖
2634,2777,山西,忻州,忻府
2635,2778,陕西,西安,阎良
2636,2779,陕西,渭南,临渭
2637,2780,陕西,铜川,王益
2638,2781,陕西,铜川,印台
2639,2782,陕西,杨凌,杨陵
2640,2783,山东,济南,市中
2641,2784,山东,济南,槐荫
2642,2785,山东,济南,天桥
2643,2786,山东,济南,历城
2644,2787,山东,聊城,东昌府
2645,2788,新疆,乌鲁木齐,沙依巴克
2646,2789,新疆,乌鲁木齐,新市
2647,2790,新疆,乌鲁木齐,头屯河
2648,2791,新疆,克拉玛依,独山子
2649,2792,新疆,五家渠,五家渠
2650,2793,西藏,拉萨,城关
2651,2794,西藏,日喀则,桑珠孜
2652,2795,青海,西宁,城东
2653,2796,青海,西宁,城中
2654,2797,青海,西宁,城西
2655,2798,青海,西宁,城北
2656,2799,青海,海西,海西
2657,2800,甘肃,庆阳,西峰
2658,2801,甘肃,天水,秦州
2659,2802,河南,郑州,中原
2660,2803,河南,郑州,管城
2661,2804,河南,郑州,惠济
2662,2805,河南,平顶山,卫东
2663,2806,河南,平顶山,湛河
2664,2807,河南,洛阳,西工
2665,2808,河南,洛阳,e河
2666,2809,河南,洛阳,涧西
2667,2810,河南,洛阳,洛龙
2668,2811,河南,焦作,解放
2669,2812,河南,焦作,中站
2670,2813,河南,焦作,马村
2671,2814,河南,焦作,山阳
2672,2815,河南,三门峡,湖滨
2673,2816,江苏,无锡,惠山
2674,2817,江苏,无锡,滨湖
2675,2818,江苏,无锡,梁溪
2676,2819,江苏,无锡,新吴
2677,2820,江苏,镇江,京口
2678,2821,江苏,镇江,润州
2679,2822,江苏,苏州,虎丘
2680,2823,江苏,苏州,相城
2681,2824,江苏,苏州,姑苏
2682,2825,江苏,扬州,广陵
2683,2826,江苏,徐州,云龙
2684,2827,江苏,徐州,贾汪
2685,2828,江苏,徐州,泉山
2686,2829,江苏,淮安,清江浦
2687,2830,江苏,常州,天宁
2688,2831,江苏,常州,钟楼
2689,2832,江苏,常州,新北
2690,2833,江苏,泰州,高港
2691,2834,江苏,宿迁,宿城
2692,2835,湖北,武汉,江岸
2693,2836,湖北,武汉,江汉
2694,2837,湖北,武汉,~口
2695,2838,湖北,武汉,汉阳
2696,2839,湖北,武汉,武昌
2697,2840,湖北,武汉,青山
2698,2841,湖北,武汉,洪山
2699,2842,湖北,武汉,汉南
2700,2843,湖北,鄂州,华容
2701,2844,湖北,鄂州,鄂城
2702,2845,湖北,孝感,孝南
2703,2846,湖北,黄冈,黄州
2704,2847,湖北,黄石,黄石港
2705,2848,湖北,咸宁,咸安
2706,2849,浙江,宁波,江北
2707,2850,浙江,衢州,柯城
2708,2851,安徽,淮南,大通
2709,2852,安徽,淮南,田家庵
2710,2853,安徽,淮南,谢家集
2711,2854,安徽,淮南,八公山
2712,2855,安徽,黄山,徽州
2713,2856,安徽,淮北,杜集
2714,2857,福建,厦门,翔安
2715,2858,福建,泉州,金门
2716,2859,福建,泉州,鲤城
2717,2860,福建,泉州,丰泽
2718,2861,福建,泉州,洛江
2719,2862,福建,泉州,泉港
2720,2863,江西,赣州,章贡
2721,2864,江西,景德镇,昌江
2722,2865,江西,景德镇,珠山
2723,2866,湖南,长沙,长沙县
2724,2867,湖南,长沙,芙蓉
2725,2868,湖南,长沙,天心
2726,2869,湖南,长沙,岳麓
2727,2870,湖南,长沙,开福
2728,2871,湖南,长沙,雨花
2729,2872,湖南,株洲,荷塘
2730,2873,湖南,株洲,芦淞
2731,2874,湖南,郴州,北湖
2732,2875,湖南,娄底,娄星
2733,2876,湖南,张家界,永定
2734,2877,湖南,怀化,鹤城
2735,2878,湖南,永州,零陵
2736,2879,贵州,贵阳,观山湖
2737,2880,贵州,遵义,播州
2738,2881,贵州,黔西南,黔西南
2739,2882,四川,绵阳,游仙
2740,2883,四川,宜宾,翠屏
2741,2884,四川,乐山,市中
2742,2885,四川,乐山,沙湾
2743,2886,四川,乐山,五通桥
2744,2887,四川,乐山,金口河
2745,2888,四川,眉山,东坡
2746,2889,广东,汕头,龙湖
2747,2890,广东,汕头,金平
2748,2891,广东,汕头,濠江
2749,2892,广东,汕头,潮南
2750,2893,广东,深圳,福田
2751,2894,广东,深圳,南山
2752,2895,广东,深圳,宝安
2753,2896,广东,深圳,龙岗
2754,2897,广东,深圳,盐田
2755,2898,广东,佛山,禅城
2756,2899,广东,肇庆,鼎湖
2757,2900,广东,河源,源城
2758,2901,广东,清远,清城
2759,2902,广东,潮州,湘桥
2760,2903,广东,阳江,江城
2761,2904,广东,揭阳,榕城
2762,2905,云南,保山,隆阳
2763,2906,云南,西双版纳,西双版纳
2764,2907,广西,南宁,兴宁
2765,2908,广西,来宾,兴宾
2766,2909,广西,贵港,港南
2767,2910,广西,玉林,玉州
2768,2911,广西,玉林,福绵
2769,2912,广西,钦州,钦南
2770,2913,广西,北海,银海
2771,2914,广西,北海,铁山港
2772,2915,广西,防城港,港口
2773,2916,海南,崖州,崖州
2774,2917,海南,三沙,三沙
2775,2918,上海,杨浦,杨浦
2776,2919,黑龙江,双鸭山,尖山
2777,2920,黑龙江,双鸭山,岭东
2778,2921,吉林,通化,东昌
2779,2922,吉林,通化,二道江
2780,2923,辽宁,沈阳,沈河
2781,2924,辽宁,沈阳,大东
2782,2925,辽宁,沈阳,皇姑
2783,2926,辽宁,沈阳,苏家屯
2784,2927,辽宁,沈阳,于洪
2785,2928,辽宁,鞍山,千山
2786,2929,辽宁,抚顺,新抚
2787,2930,辽宁,抚顺,望花
2788,2931,辽宁,抚顺,顺城
2789,2932,辽宁,本溪,南芬
2790,2933,辽宁,铁岭,清河
2791,2934,河北,石家庄,长安
2792,2935,陕西,西安,新城
2793,2936,陕西,西安,灞桥
2794,2937,陕西,西安,未央
2795,2938,山东,枣庄,市中
2796,2939,新疆,乌鲁木齐,天山
2797,2940,河南,郑州,二七
2798,2941,河南,郑州,金水
2799,2942,河南,平顶山,新华
2800,2943,河南,洛阳,老城
2801,2944,江苏,徐州,鼓楼
2802,2945,江苏,泰州,海陵
2803,2946,安徽,蚌埠,龙子湖
2804,2947,安徽,蚌埠,蚌山
2805,2948,安徽,蚌埠,禹会
2806,2949,安徽,蚌埠,淮上
2807,2950,安徽,宿州,桥
2808,2951,安徽,淮北,相山
2809,2952,安徽,淮北,烈山
2810,2953,福建,厦门,思明
2811,2954,福建,厦门,海沧
2812,2955,福建,厦门,湖里
2813,2956,福建,厦门,集美
2814,2957,湖南,湘潭,雨湖
2815,2958,湖南,湘潭,岳塘
2816,2959,湖南,株洲,石峰
2817,2960,湖南,株洲,天元
2818,2961,四川,绵阳,涪城
2819,2962,四川,德阳,旌阳
2820,2963,广东,惠州,惠城
2821,2964,广东,深圳,罗湖
2822,2965,广东,珠海,香洲
2823,2966,广东,肇庆,端州
2824,2967,广西,贵港,港北
2825,2968,广西,贵港,覃塘
2826,2969,广西,钦州,钦北
2827,2970,广西,北海,海城
2828,2971,山东,日照,岚山
2829,2972,内蒙古,通辽,霍林郭勒
2830,8411,浙江,绍兴,绍兴
